date,ny_direction,ny_close_vs_london_open,ny_range,london_range,london_bias,sweep_high,sweep_low,ny_respected_high,ny_respected_low,continuation,opening_trade_expected,opening_side_bias,opening_style_bias,opening_urgency,opening_confidence,opening_trigger_step,opening_setup_family,opening_scenario_label,encoding_0,encoding_1,encoding_2,encoding_3,encoding_4,encoding_5,encoding_6,encoding_7,cluster
2024-01-01 00:00:00,1,8.440000000000055,41.69999999999982,53.809999999999945,-1,0,0,0,1,0,0,0,0.0,0.0,0.0,-1,mixed,Mixed/Ranging,-1.0,1.0,1.0,0.670707,1.0,-1.0,1.0,-1.0,4
2024-01-02 00:00:00,1,44.070000000000164,38.43000000000029,56.09999999999991,1,0,0,0,0,1,1,1,-0.6,0.8435784313725498,0.7155971479500904,0,continuation,S3S4_Continuation,1.0,-0.23249133,-1.0,1.0,1.0,-0.6846973,-1.0,-1.0,1
2024-01-03 00:00:00,1,27.95999999999958,57.68000000000029,43.63000000000011,-1,0,0,0,1,0,0,0,0.0,0.0,0.0,-1,mixed,Mixed/Ranging,-1.0,1.0,-1.0,0.3737991,1.0,-1.0,1.0,1.0,5
2024-01-04 00:00:00,-1,-37.08999999999969,54.75,71.1899999999996,-1,0,0,0,1,1,1,1,-1.0,0.6903710141873892,0.4370382076134349,0,continuation,S3S4_Continuation,-1.0,-0.5263821,1.0,-1.0,-1.0,1.0,-1.0,1.0,6
2024-01-05 00:00:00,1,42.590000000000146,37.35999999999967,50.25999999999976,1,0,0,0,0,1,1,1,-1.0,0.7568170513330641,0.5578491842419345,0,continuation,S1_BullContinuation,1.0,1.0,-1.0,0.83697414,1.0,1.0,-1.0,0.19712214,8
2024-01-08 00:00:00,-1,-16.539999999999964,64.44999999999982,41.679999999999836,1,0,0,1,0,0,1,1,-0.6,0.7884980806142057,0.6154510556621922,0,continuation,S3S4_Continuation,1.0,1.0,-1.0,-1.0,1.0,-1.0,-1.0,-1.0,1
2024-01-09 00:00:00,-1,5.320000000000164,43.48000000000002,34.929999999999836,1,0,1,1,0,1,1,1,-0.6,0.7712059833953611,0.5840108789006563,0,continuation,S3S4_Continuation,1.0,1.0,-1.0,-0.6697144,1.0,-1.0,-1.0,-1.0,1
2024-01-10 00:00:00,-1,2.8200000000001637,30.670000000000073,38.13000000000011,1,0,0,1,0,1,1,1,-0.6,0.6802052189876768,0.41855494361395773,0,continuation,S3S4_Continuation,0.3670444,-1.0,-1.0,1.0,1.0,0.74330974,-1.0,1.0,3
2024-01-11 00:00:00,-1,20.81999999999971,38.9699999999998,58.48000000000002,1,0,0,1,0,1,1,1,-1.0,0.8578633720930237,0.7415697674418611,0,continuation,S1_BullContinuation,1.0,-1.0,-1.0,1.0,1.0,1.0,-1.0,1.0,3
2024-01-12 00:00:00,1,15.300000000000182,40.539999999999964,36.059999999999945,-1,0,1,1,0,0,1,-1,-0.6,0.1415266222961715,0.2573211314475845,3,continuation,S3S4_Continuation,-1.0,1.0,1.0,1.0,1.0,-1.0,1.0,0.5170543,4
2024-01-15 00:00:00,-1,-15.470000000000255,29.779999999999745,43.940000000000055,-1,0,0,0,1,1,1,-1,-0.6,0.7321472462448826,0.5129949931725137,0,continuation,S3S4_Continuation,1.0,-1.0,-1.0,-0.26438934,1.0,1.0,-0.9352485,1.0,3
2024-01-16 00:00:00,-1,-16.629999999999654,40.05000000000018,27.25,1,0,0,1,0,0,1,1,-1.0,0.7460362385321077,0.5382477064220138,0,continuation,S1_BullContinuation,1.0,-0.43149406,0.4275433,1.0,1.0,0.43553245,-1.0,-1.0,9
2024-01-17 00:00:00,-1,11.75,42.95000000000027,41.5300000000002,1,0,0,1,1,1,1,1,-1.0,0.74758337346496,0.5410606790271998,0,continuation,S1_BullContinuation,1.0,-1.0,-1.0,1.0,1.0,1.0,-1.0,1.0,3
2024-01-18 00:00:00,-1,-35.01999999999998,31.20999999999958,34.960000000000036,-1,0,0,0,1,1,1,-1,-0.6,0.7969593821510286,0.6308352402745975,0,continuation,S3S4_Continuation,-1.0,1.0,1.0,-1.0,0.12959957,-1.0,1.0,-0.32512736,4
2024-01-19 00:00:00,-1,-35.190000000000055,41.26999999999998,35.289999999999964,-1,0,0,0,0,1,1,1,-1.0,0.5669931283649773,0.4854420515726859,1,continuation,S3S4_Continuation,-1.0,1.0,-1.0,0.22911815,1.0,-1.0,1.0,-1.0,5
2024-01-22 00:00:00,1,21.269999999999982,39.309999999999945,42.61000000000013,1,0,0,1,1,1,1,-1,-1.0,0.7113145388406458,0.47511734334662864,0,continuation,S3S4_Continuation,-1.0,1.0,1.0,-1.0,-1.0,1.0,-1.0,1.0,6
2024-01-23 00:00:00,1,38.32999999999993,51.570000000000164,42.91000000000031,1,0,0,0,1,1,1,-1,-1.0,0.7377950943835884,0.5232638079701606,0,continuation,S3S4_Continuation,-1.0,1.0,1.0,1.0,-1.0,-1.0,-1.0,1.0,0
2024-01-24 00:00:00,-1,3.1700000000000728,33.570000000000164,37.82999999999993,1,0,0,1,1,1,1,1,-0.6,0.7130709754163377,0.47831086439334114,0,continuation,S3S4_Continuation,-0.18566298,-1.0,-1.0,1.0,1.0,1.0,-1.0,1.0,3
2024-01-25 00:00:00,-1,-59.679999999999836,39.23999999999978,73.26000000000022,-1,0,0,0,1,1,1,-1,-0.6,0.8017942942942927,0.6396259896259867,0,continuation,S3S4_Continuation,1.0,1.0,1.0,1.0,0.6134033,1.0,0.3837601,-1.0,9
2024-01-26 00:00:00,-1,13.9699999999998,39.440000000000055,51.86999999999989,1,0,0,1,0,1,1,1,-0.6,0.7412815693078814,0.5296028532870569,0,continuation,S3S4_Continuation,-0.83236504,1.0,-1.0,-1.0,1.0,-1.0,-1.0,1.0,8
2024-01-29 00:00:00,1,5.800000000000182,33.710000000000036,35.88000000000011,1,0,0,1,1,1,0,0,0.0,0.0,0.0,-1,mixed,Mixed/Ranging,-1.0,1.0,1.0,1.0,-1.0,-1.0,0.5156323,1.0,0
2024-01-30 00:00:00,1,75.13999999999987,90.80999999999949,54.54999999999973,1,0,0,0,1,1,1,-1,-1.0,0.7327206691109096,0.5140375802016537,0,continuation,S3S4_Continuation,-1.0,-0.99728113,-1.0,1.0,0.8281499,-1.0,1.0,1.0,2
2024-01-31 00:00:00,-1,-14.090000000000146,49.349999999999454,33.10999999999967,1,0,0,1,0,0,1,1,-0.6,0.8670514950166202,0.7582754454847638,0,continuation,S3S4_Continuation,-1.0,-1.0,-1.0,1.0,1.0,-1.0,0.29209626,1.0,2
2024-02-01 00:00:00,1,44.710000000000036,50.41999999999916,48.470000000000255,1,0,0,0,0,1,1,1,-0.6,0.76840880957293,0.5789251083144182,0,continuation,S3S4_Continuation,1.0,-1.0,-1.0,1.0,1.0,-0.58189607,-1.0,-0.8213165,1
2024-02-02 00:00:00,1,17.550000000000182,40.98999999999978,38.649999999999636,-1,0,0,1,1,0,0,0,0.0,0.0,0.0,-1,mixed,Mixed/Ranging,-1.0,1.0,1.0,-0.49297392,-1.0,1.0,-1.0,1.0,6
2024-02-05 00:00:00,1,-1.5599999999994907,48.76999999999953,44.149999999999636,-1,0,0,1,1,1,1,-1,-1.0,0.7809498867497162,0.6017270668176656,0,continuation,S2_BearContinuation,-1.0,-0.61387724,-0.90849483,1.0,1.0,1.0,-0.12079646,1.0,3
2024-02-06 00:00:00,-1,-53.090000000000146,54.04999999999927,73.32999999999993,-1,0,0,0,1,1,1,-1,-0.6,0.7338091504159293,0.5160166371198714,0,continuation,S3S4_Continuation,-1.0,1.0,1.0,-0.6793092,-1.0,0.43835568,-1.0,1.0,6
2024-02-07 00:00:00,-1,-6.889999999999418,57.45000000000073,41.48000000000047,1,0,0,1,0,0,1,1,-1.0,0.8485245901639292,0.7245901639344167,0,continuation,S1_BullContinuation,1.0,-1.0,-1.0,1.0,1.0,1.0,-1.0,1.0,3
2024-02-08 00:00:00,-1,-52.88999999999942,65.81999999999971,50.76000000000022,-1,0,0,0,0,1,1,-1,-1.0,0.7681245074862122,0.5784081954294765,0,continuation,S2_BearContinuation,-1.0,1.0,1.0,1.0,1.0,-1.0,0.9434427,-1.0,4
2024-02-09 00:00:00,1,26.360000000000582,46.73999999999978,50.01000000000022,1,0,0,1,0,1,1,1,-0.6,0.3104744051189775,0.2917716456708681,2,continuation,S3S4_Continuation,-1.0,1.0,1.0,1.0,1.0,-1.0,1.0,-1.0,4
2024-02-12 00:00:00,1,35.9399999999996,42.460000000000036,44.61000000000058,1,1,0,0,0,1,1,1,-1.0,0.8200787379511267,0.6728704326384121,0,continuation,S1_BullContinuation,-0.86767256,-1.0,-1.0,-1.0,1.0,1.0,-1.0,1.0,3
2024-02-13 00:00:00,-1,-8.960000000000036,44.8100000000004,44.32999999999993,-1,0,1,0,0,1,0,0,0.0,0.0,0.0,-1,mixed,Mixed/Ranging,-1.0,-1.0,-1.0,1.0,1.0,-1.0,0.15906774,1.0,2
2024-02-14 00:00:00,1,20.289999999999964,39.1899999999996,27.289999999999964,1,0,0,0,1,1,1,1,-0.6,0.14598479296446693,0.26542689629903077,3,continuation,S3S4_Continuation,1.0,1.0,1.0,1.0,1.0,-1.0,-1.0,-1.0,9
2024-02-15 00:00:00,1,30.30999999999949,32.57999999999993,57.32999999999993,1,0,0,1,0,1,1,1,-1.0,0.7341978458049878,0.5167233560090688,0,continuation,S1_BullContinuation,1.0,1.0,-1.0,0.10369544,1.0,-0.9414015,-1.0,1.0,8
2024-02-16 00:00:00,-1,-16.020000000000437,34.789999999999964,41.160000000000764,1,0,0,0,1,0,0,0,0.0,0.0,0.0,-1,mixed,Mixed/Ranging,-1.0,1.0,1.0,1.0,1.0,-1.0,0.058119167,-1.0,4
2024-02-19 00:00:00,1,33.220000000000255,35.100000000000364,44.32999999999993,1,1,0,0,0,1,1,1,-0.6,0.6975124069478934,0.4500225580870788,0,continuation,S3S4_Continuation,-0.93692255,1.0,-1.0,0.055365726,1.0,-1.0,-0.117179796,-0.1724732,5
2024-02-20 00:00:00,1,-2.699999999999818,38.97999999999956,40.60999999999967,-1,0,0,1,1,1,1,1,-1.0,0.740781519330211,0.5286936715094743,0,continuation,S3S4_Continuation,1.0,-1.0,-1.0,1.0,1.0,0.5048044,-1.0,1.0,3
2024-02-21 00:00:00,-1,-34.650000000000546,63.970000000000255,42.340000000000146,-1,0,0,1,0,1,0,0,0.0,0.0,0.0,-1,mixed,Mixed/Ranging,1.0,1.0,-0.4195682,1.0,1.0,-1.0,-1.0,-1.0,1
2024-02-22 00:00:00,1,4.110000000000582,48.65000000000009,43.66000000000031,-1,0,0,1,1,0,1,-1,-1.0,0.5887625973431077,0.5250229042601957,1,continuation,S2_BearContinuation,-1.0,1.0,1.0,1.0,1.0,-1.0,1.0,-1.0,4
2024-02-23 00:00:00,1,11.850000000000364,35.25,48.08000000000038,1,0,0,1,0,1,1,1,-1.0,0.8114923044925033,0.6572587354409152,0,continuation,S1_BullContinuation,-1.0,1.0,-1.0,1.0,1.0,-1.0,-1.0,1.0,2
2024-02-26 00:00:00,-1,-13.75,31.409999999999854,31.33999999999969,-1,0,0,1,1,1,1,1,-1.0,0.7929076260370084,0.6234684109763788,0,continuation,S3S4_Continuation,-1.0,1.0,1.0,1.0,1.0,-1.0,1.0,-1.0,4
2024-02-27 00:00:00,-1,-35.64000000000033,29.360000000000127,53.220000000000255,-1,0,0,0,1,1,1,-1,-0.6,0.8412936865839906,0.7114430665163466,0,continuation,S3S4_Continuation,1.0,1.0,1.0,1.0,1.0,-1.0,-1.0,-1.0,9
2024-02-28 00:00:00,1,30.220000000000255,34.06999999999971,40.320000000000164,1,0,0,0,0,1,1,1,-1.0,0.7788541666666634,0.5979166666666607,0,continuation,S1_BullContinuation,-1.0,1.0,-1.0,0.3129496,1.0,-1.0,1.0,1.0,5
2024-02-29 00:00:00,-1,-19.070000000000164,21.679999999999836,23.779999999999745,-1,0,0,1,1,1,1,-1,-0.6,0.7966295206055555,0.6302354920101008,0,continuation,S3S4_Continuation,-1.0,1.0,1.0,1.0,-1.0,-0.77867734,-0.3032695,1.0,0
2024-03-01 00:00:00,1,29.079999999999927,32.29000000000087,56.86000000000058,1,0,0,1,0,1,1,1,-0.6,0.7887346113260594,0.6158811115019259,0,continuation,S3S4_Continuation,1.0,1.0,-1.0,-1.0,1.0,-0.27108806,-1.0,1.0,8
2024-03-04 00:00:00,1,34.81999999999971,32.029999999999745,62.38999999999942,1,0,0,1,0,1,1,1,-0.6,0.8201502644654629,0.6730004808462962,0,continuation,S3S4_Continuation,1.0,0.40146917,-1.0,-1.0,1.0,-1.0,-1.0,1.0,8
2024-03-05 00:00:00,1,54.10999999999967,74.73000000000047,40.39000000000033,1,0,0,0,1,1,1,-1,-1.0,0.6846691631592021,0.4266712057440038,0,continuation,S3S4_Continuation,-1.0,1.0,1.0,1.0,-1.0,-1.0,1.0,1.0,0
2024-03-06 00:00:00,-1,-5.639999999999418,30.470000000000255,53.39000000000033,1,0,0,0,0,0,0,0,0.0,0.0,0.0,-1,mixed,Mixed/Ranging,-1.0,-0.42224824,1.0,1.0,1.0,-0.40755606,-0.1283442,1.0,2
2024-03-07 00:00:00,-1,-15.070000000000618,27.56999999999971,42.94999999999982,-1,0,0,0,1,1,1,-1,-0.6,0.6967956926658904,0.4487194412107097,0,continuation,S3S4_Continuation,-1.0,1.0,1.0,1.0,-1.0,-1.0,1.0,-0.7392895,7
2024-03-08 00:00:00,1,19.980000000000473,23.900000000000546,36.19000000000051,1,0,0,1,0,1,1,1,-1.0,0.7730357142857068,0.5873376623376487,0,continuation,S1_BullContinuation,-0.7391403,-1.0,-1.0,1.0,1.0,-1.0,0.85239255,1.0,2
2024-03-11 00:00:00,1,19.6899999999996,32.13000000000011,42.64000000000033,1,0,0,1,0,1,1,1,-0.6,0.7169512195121961,0.48536585365853824,0,continuation,S3S4_Continuation,-1.0,-1.0,-1.0,1.0,1.0,1.0,-0.94970083,1.0,3
2024-03-12 00:00:00,-1,-46.219999999999345,45.81999999999971,38.57999999999993,-1,0,0,0,0,1,1,-1,-1.0,0.7544673405909883,0.5535769828927061,0,continuation,S2_BearContinuation,-1.0,1.0,1.0,1.0,-1.0,1.0,1.0,-1.0,7
2024-03-13 00:00:00,-1,-3.869999999999891,55.32000000000062,40.89000000000033,-1,0,1,1,0,1,0,0,0.0,0.0,0.0,-1,mixed,Mixed/Ranging,1.0,1.0,0.31633466,1.0,1.0,-1.0,0.7869934,-1.0,9
2024-03-14 00:00:00,-1,-2.2200000000002547,42.89000000000033,37.45000000000073,1,0,1,1,0,0,1,1,-0.6,0.7222463284379146,0.49499332443257205,0,continuation,S3S4_Continuation,-1.0,1.0,0.9909369,1.0,1.0,-1.0,-1.0,0.9259075,4
2024-03-15 00:00:00,-1,-80.96000000000004,79.57999999999993,47.61999999999989,-1,0,0,0,0,1,1,1,-1.0,0.6789972700546052,0.4163586728265549,0,continuation,S3S4_Continuation,-1.0,0.97594875,1.0,1.0,1.0,-1.0,-1.0,1.0,4
2024-03-18 00:00:00,-1,5.430000000000291,39.650000000000546,39.63000000000011,1,0,0,1,1,1,1,1,-1.0,0.2812695558920072,0.5113991925309221,3,continuation,S1_BullContinuation,-0.43335652,1.0,-1.0,1.0,1.0,0.5698609,1.0,-1.0,5
2024-03-19 00:00:00,-1,9.079999999999927,29.550000000000182,33.539999999999964,1,0,0,1,1,1,1,1,-0.6,0.6541756112104963,0.3712283840190841,0,continuation,S3S4_Continuation,1.0,0.6371972,1.0,1.0,1.0,-0.8982401,-1.0,-0.33364356,9
2024-03-20 00:00:00,-1,-85.14000000000033,54.61999999999989,74.8100000000004,-1,0,0,0,0,1,1,-1,-1.0,0.7860120638952013,0.6109310252640023,0,continuation,S2_BearContinuation,-0.6929953,-1.0,0.14750776,1.0,1.0,1.0,-1.0,1.0,3
2024-03-21 00:00:00,1,-16.770000000000437,40.470000000000255,58.600000000000364,-1,0,0,0,1,1,1,-1,-1.0,0.7957538395904431,0.6286433447098964,0,continuation,S2_BearContinuation,-1.0,1.0,1.0,1.0,-1.0,1.0,0.9972696,-1.0,7
2024-03-22 00:00:00,-1,6.8700000000008,41.80000000000018,34.76999999999953,1,0,1,1,0,1,1,1,-0.6,0.7969808743169475,0.6308743169399046,0,continuation,S3S4_Continuation,1.0,-1.0,-0.67898405,1.0,1.0,1.0,-0.716246,1.0,3
2024-03-25 00:00:00,1,10.009999999999309,46.13000000000011,49.659999999999854,-1,0,0,1,1,0,1,-1,-0.6,0.7532309706000845,0.551329037454699,0,continuation,S3S4_Continuation,-0.29784864,-1.0,-0.65575004,1.0,1.0,1.0,-1.0,1.0,3
2024-03-26 00:00:00,1,31.30999999999949,45.8700000000008,58.13000000000011,1,0,0,1,0,1,1,1,-0.6,0.6111254945811063,0.29295544469292056,0,continuation,S3S4_Continuation,-1.0,-0.81603605,1.0,1.0,1.0,-1.0,-0.9982704,1.0,2
2024-03-27 00:00:00,-1,-28.599999999999454,38.42000000000007,40.159999999999854,-1,0,1,0,0,1,1,-1,-0.6,0.7717554780876538,0.5850099601593705,0,continuation,S3S4_Continuation,1.0,0.44111806,0.27492556,1.0,-1.0,1.0,-1.0,1.0,6
2024-03-28 00:00:00,-1,-29.6299999999992,34.92000000000007,40.69000000000051,-1,0,0,0,1,1,1,-1,-0.6,0.6550976898500807,0.3729048906365101,0,continuation,S3S4_Continuation,-1.0,1.0,0.69168067,-0.61175823,1.0,-1.0,1.0,-1.0,4
2024-03-29 00:00:00,-1,-10.480000000000473,42.19000000000051,41.06999999999971,1,0,0,1,1,0,1,1,-1.0,0.7549071706841985,0.55437667397127,0,continuation,S1_BullContinuation,-0.79015386,1.0,-0.6910701,0.30244452,1.0,-1.0,1.0,-0.3781569,5
2024-04-01 00:00:00,-1,-29.300000000000182,69.69999999999982,44.88000000000011,-1,0,0,1,0,1,1,1,-1.0,0.6814583333333282,0.42083333333332396,0,continuation,S3S4_Continuation,-1.0,1.0,-1.0,1.0,1.0,-1.0,1.0,1.0,5
2024-04-02 00:00:00,-1,2.740000000000691,40.67000000000007,38.36000000000058,1,0,0,1,1,1,1,1,-1.0,0.8178734358707,0.6688607924921818,0,continuation,S1_BullContinuation,-1.0,-0.56952906,-1.0,1.0,1.0,-1.0,-1.0,1.0,2
2024-04-03 00:00:00,1,19.170000000000073,28.139999999999418,42.23999999999978,1,0,0,1,0,1,0,0,0.0,0.0,0.0,-1,mixed,Mixed/Ranging,1.0,1.0,1.0,0.5046873,1.0,-1.0,-1.0,-1.0,9
2024-04-04 00:00:00,1,6.1599999999998545,47.07000000000062,52.61000000000058,-1,0,0,0,1,0,0,0,0.0,0.0,0.0,-1,mixed,Mixed/Ranging,1.0,0.35175306,-1.0,1.0,1.0,-1.0,-1.0,1.0,8
2024-04-05 00:00:00,-1,-7.9399999999996,38.23999999999978,48.43000000000029,-1,0,0,0,1,1,0,0,0.0,0.0,0.0,-1,mixed,Mixed/Ranging,-0.9884038,1.0,0.43384352,0.4452333,-0.58719975,1.0,-1.0,-1.0,7
2024-04-08 00:00:00,1,27.639999999999418,49.659999999999854,50.98999999999978,1,0,0,1,0,1,1,1,-0.6,0.30940723671308257,0.28983133947833184,2,continuation,S3S4_Continuation,-1.0,1.0,1.0,1.0,-0.09409773,-1.0,0.91379714,1.0,0
2024-04-09 00:00:00,-1,-21.589999999999236,41.26000000000022,31.729999999999563,-1,0,1,1,0,1,1,-1,-0.6,0.6456894106523766,0.3557989284588665,0,continuation,S3S4_Continuation,-1.0,-0.76929003,1.0,0.4046495,-1.0,1.0,-1.0,1.0,6
2024-04-10 00:00:00,1,-7.960000000000036,40.48000000000047,38.73000000000047,-1,0,0,1,1,1,1,1,-1.0,0.6884717918925969,0.43358507616835784,0,continuation,S3S4_Continuation,-0.50258654,0.5086473,-0.8494123,1.0,1.0,-1.0,1.0,-1.0,5
2024-04-11 00:00:00,-1,8.63000000000011,40.099999999999454,50.590000000000146,1,0,0,1,0,1,1,1,-0.6,0.7516737497529133,0.5484977268234789,0,continuation,S3S4_Continuation,1.0,1.0,1.0,1.0,1.0,-1.0,-1.0,-1.0,9
2024-04-12 00:00:00,1,66.15000000000055,55.44000000000051,58.76000000000022,1,0,0,0,0,1,1,1,-0.6,0.7633202859087878,0.5696732471068868,0,continuation,S3S4_Continuation,-1.0,-1.0,-1.0,1.0,1.0,-1.0,-1.0,1.0,2
2024-04-15 00:00:00,-1,-12.530000000000655,45.67000000000007,41.68000000000029,1,0,0,0,0,0,1,-1,-1.0,0.5631238003838743,0.47840690978886224,1,continuation,S3S4_Continuation,-1.0,1.0,1.0,1.0,1.0,-1.0,-0.046981465,1.0,4
2024-04-16 00:00:00,-1,-38.6899999999996,53.35999999999967,62.23999999999978,-1,0,0,0,1,1,0,0,0.0,0.0,0.0,-1,mixed,Mixed/Ranging,0.97927165,1.0,0.0708445,-1.0,0.569684,-1.0,-1.0,-1.0,1
2024-04-17 00:00:00,-1,-33.51000000000022,64.69999999999982,42.06999999999971,-1,0,0,1,0,1,1,-1,-0.6,0.47662883289755,0.3211433325409999,1,continuation,S3S4_Continuation,1.0,1.0,-0.1348333,0.79014987,1.0,-1.0,-1.0,-1.0,9
2024-04-18 00:00:00,1,9.6200000000008,36.56999999999971,33.60999999999967,1,0,0,1,1,1,1,1,-0.6,0.5941929485272318,0.26216899732223964,0,continuation,S3S4_Continuation,0.11883282,1.0,-1.0,-0.54257387,1.0,0.031424895,-1.0,0.7167163,8
2024-04-19 00:00:00,1,10.510000000000218,34.6299999999992,37.17000000000007,-1,1,0,0,0,0,1,1,-1.0,0.7377364137745455,0.5231571159537189,0,continuation,S3S4_Continuation,1.0,1.0,-0.05496022,1.0,1.0,-1.0,-1.0,-1.0,9
2024-04-22 00:00:00,-1,-51.81999999999971,41.10999999999967,55.35999999999967,-1,0,0,0,0,1,1,-1,-0.6,0.7930942919075117,0.623807803468203,0,continuation,S3S4_Continuation,-1.0,1.0,1.0,1.0,-1.0,1.0,-1.0,1.0,6
2024-04-23 00:00:00,1,27.270000000000437,60.960000000000036,55.82999999999993,1,1,0,0,0,1,1,-1,-1.0,0.6825826168726457,0.42287748522299196,0,continuation,S3S4_Continuation,1.0,1.0,1.0,-0.18202867,1.0,-1.0,-1.0,-1.0,9
2024-04-24 00:00:00,1,45.5600000000004,62.48000000000047,45.400000000000546,1,0,0,0,0,1,1,-1,-1.0,0.6905765418502119,0.43741189427311256,0,continuation,S3S4_Continuation,-1.0,1.0,1.0,1.0,-1.0,-1.0,1.0,1.0,0
2024-04-25 00:00:00,-1,-2.5599999999994907,50.36999999999989,61.67999999999938,-1,0,0,0,1,1,0,0,0.0,0.0,0.0,-1,mixed,Mixed/Ranging,1.0,-1.0,-1.0,-1.0,1.0,-0.1333717,-1.0,1.0,8
2024-04-26 00:00:00,1,34.48000000000047,33.73999999999978,60.60999999999967,1,0,0,1,0,1,1,1,-1.0,0.7858507259528071,0.6106376835505584,0,continuation,S1_BullContinuation,1.0,-1.0,-1.0,1.0,1.0,1.0,-1.0,1.0,3
2024-04-29 00:00:00,-1,-40.45000000000073,35.340000000000146,74.30000000000018,-1,0,0,0,0,1,1,-1,-1.0,0.7483324360699846,0.5424226110363354,0,continuation,S2_BearContinuation,1.0,-1.0,-1.0,1.0,1.0,1.0,-0.48463583,1.0,3
2024-04-30 00:00:00,-1,-30.9399999999996,49.349999999999454,64.24000000000069,-1,0,1,0,0,1,1,-1,-0.6,0.7883219178082174,0.6151307596513043,0,continuation,S3S4_Continuation,1.0,1.0,1.0,1.0,-1.0,1.0,-1.0,0.4832623,6
2024-05-01 00:00:00,-1,-23.600000000000364,33.01999999999953,41.72999999999956,-1,0,0,0,1,1,1,-1,-0.6,0.75708662832496,0.5583393242271999,0,continuation,S3S4_Continuation,-1.0,1.0,1.0,-1.0,-1.0,1.0,-1.0,1.0,6
2024-05-02 00:00:00,-1,2.8400000000001455,51.19999999999982,44.47999999999956,1,0,1,1,0,1,1,1,-0.6,0.7584105215827303,0.5607464028776913,0,continuation,S3S4_Continuation,1.0,-1.0,-1.0,1.0,1.0,1.0,-0.9075376,1.0,3
2024-05-03 00:00:00,-1,-8.969999999999345,47.900000000000546,39.07000000000062,-1,0,0,1,0,1,1,1,-1.0,0.7731478756078733,0.5875415920143152,0,continuation,S3S4_Continuation,-1.0,-1.0,-1.0,1.0,1.0,0.4883244,-0.5093461,1.0,3
2024-05-06 00:00:00,1,38.67000000000007,50.97999999999956,28.079999999999927,1,0,0,0,1,1,1,1,-1.0,0.7292405626780636,0.5077101139601155,0,continuation,S1_BullContinuation,-1.0,1.0,-1.0,-1.0,1.0,-1.0,-0.1754794,-1.0,5
2024-05-07 00:00:00,1,-12.25,41.149999999999636,42.97999999999956,-1,0,0,1,1,1,1,-1,-1.0,0.76519427640763,0.5730805025593272,0,continuation,S2_BearContinuation,-1.0,-1.0,1.0,0.28419596,0.0027375221,1.0,-1.0,1.0,6
2024-05-08 00:00:00,-1,-43.04999999999927,34.539999999999964,58.07999999999993,-1,0,0,0,0,1,1,-1,-0.6,0.7421590909090856,0.5311983471074284,0,continuation,S3S4_Continuation,-1.0,1.0,1.0,1.0,-1.0,0.2596147,0.94411623,-1.0,7
2024-05-09 00:00:00,-1,-19.579999999999927,45.55000000000018,42.98000000000047,-1,0,0,1,1,1,1,-1,-0.6,0.8002059097254517,0.6367380176826394,0,continuation,S3S4_Continuation,-1.0,1.0,1.0,1.0,-1.0,1.0,1.0,-1.0,7
2024-05-10 00:00:00,1,18.779999999999745,49.470000000000255,41.289999999999964,-1,0,0,0,1,0,0,0,0.0,0.0,0.0,-1,mixed,Mixed/Ranging,1.0,1.0,0.21385375,1.0,1.0,-1.0,-1.0,-1.0,9
2024-05-13 00:00:00,-1,-3.9200000000000728,40.910000000000764,38.70000000000073,1,0,0,1,1,0,1,1,-1.0,0.8105342377260933,0.6555167958656242,0,continuation,S1_BullContinuation,1.0,1.0,-1.0,-0.7403917,1.0,-0.082494095,1.0,1.0,8
2024-05-14 00:00:00,1,28.1899999999996,37.06999999999971,56.30999999999949,1,0,0,1,0,1,1,1,-1.0,0.7806910406677371,0.6012564375777038,0,continuation,S1_BullContinuation,1.0,1.0,-1.0,0.46775138,1.0,0.5200975,-1.0,0.8313337,8
2024-05-15 00:00:00,-1,-25.730000000000473,33.289999999999964,33.23999999999978,-1,0,1,1,1,1,1,-1,-0.6,0.6511371841155255,0.36570397111913716,0,continuation,S3S4_Continuation,-1.0,1.0,1.0,1.0,1.0,-1.0,1.0,-1.0,4
2024-05-16 00:00:00,1,36.089999999999236,50.02000000000044,39.98999999999978,1,0,0,0,0,1,1,1,-0.6,0.7020798949737435,0.45832708177044246,0,continuation,S3S4_Continuation,-1.0,1.0,1.0,1.0,1.0,-1.0,-1.0,-0.31715107,4
2024-05-17 00:00:00,-1,18.4399999999996,44.06999999999971,54.5,1,0,0,1,0,1,1,1,-1.0,0.7830073394495423,0.6054678899082585,0,continuation,S1_BullContinuation,0.22725993,1.0,-1.0,-0.8188799,1.0,0.061013,-1.0,1.0,8
2024-05-20 00:00:00,-1,-16.149999999999636,55.56999999999971,46.0,-1,1,0,0,1,1,1,-1,-1.0,0.8351913043478265,0.7003478260869572,0,continuation,S2_BearContinuation,-1.0,1.0,1.0,1.0,0.4501462,-1.0,0.96322143,1.0,0
2024-05-21 00:00:00,-1,-16.789999999999964,37.88000000000011,42.039999999999964,-1,0,1,0,0,1,1,-1,-1.0,0.7350214081826901,0.5182207421503456,0,continuation,S2_BearContinuation,-1.0,-0.6918208,1.0,1.0,-1.0,1.0,-1.0,1.0,6
2024-05-22 00:00:00,-1,-68.35000000000036,57.80000000000018,54.44999999999982,-1,0,0,0,0,1,1,-1,-0.6,0.8157323232323239,0.664967860422407,0,continuation,S3S4_Continuation,-1.0,1.0,1.0,1.0,1.0,-1.0,1.0,-1.0,4
2024-05-23 00:00:00,-1,15.489999999999782,34.06999999999971,41.73000000000047,1,0,0,0,1,1,1,1,-0.6,0.747465252815711,0.5408459142103835,0,continuation,S3S4_Continuation,-1.0,1.0,1.0,1.0,1.0,-1.0,0.06541394,-0.8619305,4
2024-05-24 00:00:00,1,27.199999999999818,46.67000000000007,61.86999999999989,1,0,0,1,0,1,1,1,-0.6,0.6718001454663012,0.4032729917569112,0,continuation,S3S4_Continuation,1.0,1.0,0.48796657,1.0,1.0,-1.0,-1.0,-1.0,9
2024-05-27 00:00:00,-1,-21.590000000000146,50.52000000000044,56.289999999999964,-1,0,0,0,1,1,1,-1,-0.6,0.5168489074435958,0.39427074080653773,1,continuation,S3S4_Continuation,-1.0,1.0,1.0,1.0,-1.0,-1.0,1.0,1.0,0
2024-05-28 00:00:00,1,14.469999999999345,64.05000000000018,76.61000000000058,-1,0,0,0,1,0,0,0,0.0,0.0,0.0,-1,mixed,Mixed/Ranging,1.0,1.0,-1.0,1.0,1.0,-0.72974217,-0.21504237,-1.0,1
2024-05-29 00:00:00,1,93.38000000000011,52.909999999999854,66.85999999999967,1,0,0,0,0,1,1,1,-1.0,0.7647939724798076,0.5723526772360139,0,continuation,S1_BullContinuation,1.0,-0.49899554,-1.0,-0.5244972,0.18528426,1.0,-1.0,1.0,3
2024-05-30 00:00:00,-1,-15.3100000000004,39.850000000000364,44.659999999999854,-1,0,0,1,1,1,1,-1,-0.6,0.649864532019713,0.3633900582176598,0,continuation,S3S4_Continuation,-1.0,1.0,-1.0,1.0,1.0,-1.0,1.0,1.0,5
2024-05-31 00:00:00,-1,-57.88999999999942,45.539999999999964,69.39999999999964,-1,0,0,0,0,1,1,-1,-1.0,0.7621368876080713,0.5675216138328568,0,continuation,S2_BearContinuation,-0.4652257,1.0,1.0,1.0,0.67613244,-1.0,0.16470866,-1.0,4
2024-06-03 00:00:00,-1,-4.920000000000073,62.01999999999953,56.899999999999636,1,0,0,1,0,0,1,1,-1.0,0.7553079964850662,0.5551054481546657,0,continuation,S1_BullContinuation,-1.0,-1.0,-1.0,1.0,1.0,1.0,-1.0,1.0,3
2024-06-04 00:00:00,1,24.49000000000069,36.92999999999938,44.099999999999454,1,0,0,1,0,1,1,1,-0.6,0.646740362811791,0.3577097505668927,0,continuation,S3S4_Continuation,1.0,1.0,-0.8262454,-1.0,1.0,-1.0,-1.0,-1.0,1
2024-06-05 00:00:00,-1,-18.169999999999163,35.529999999999745,55.63000000000011,-1,0,0,0,1,1,1,-1,-1.0,0.7643962340463786,0.571629516447961,0,continuation,S2_BearContinuation,-0.5758018,-1.0,1.0,1.0,1.0,1.0,-1.0,1.0,3
2024-06-06 00:00:00,1,-0.42000000000007276,39.56999999999971,41.94000000000051,-1,0,0,1,1,1,1,-1,-0.6,0.6597055317119656,0.38128278493084644,0,continuation,S3S4_Continuation,-1.0,1.0,1.0,1.0,-1.0,-1.0,-0.17282929,1.0,0
2024-06-07 00:00:00,1,-13.240000000000691,36.529999999999745,45.89000000000033,-1,0,0,0,1,1,1,-1,-0.6,0.7579412726084146,0.5598932229243901,0,continuation,S3S4_Continuation,-1.0,0.2950124,1.0,1.0,-0.19033086,1.0,-1.0,1.0,6
2024-06-10 00:00:00,1,12.4399999999996,28.75999999999931,35.9399999999996,1,0,0,1,0,1,1,1,-1.0,0.8330641346688901,0.6964802448525272,0,continuation,S1_BullContinuation,1.0,1.0,-1.0,1.0,1.0,-1.0,-1.0,1.0,8
2024-06-11 00:00:00,1,21.020000000000437,57.81999999999971,36.94999999999982,1,0,0,0,1,1,0,0,0.0,0.0,0.0,-1,mixed,Mixed/Ranging,-1.0,1.0,-1.0,1.0,1.0,-1.0,1.0,1.0,5
2024-06-12 00:00:00,1,24.219999999999345,52.61999999999989,60.80000000000018,1,0,0,1,0,1,1,-1,-1.0,0.7385916940789441,0.5247121710526257,0,continuation,S3S4_Continuation,1.0,1.0,-1.0,1.0,1.0,-1.0,-1.0,-1.0,1
2024-06-13 00:00:00,-1,-28.289999999999964,39.57000000000062,51.25,-1,0,0,0,0,1,1,-1,-1.0,0.7987134146341464,0.6340243902439024,0,continuation,S2_BearContinuation,-1.0,1.0,1.0,1.0,-1.0,-1.0,-1.0,1.0,0
2024-06-14 00:00:00,-1,-37.56999999999971,50.210000000000036,34.17999999999938,-1,0,0,1,0,1,1,1,-1.0,0.7063582504388499,0.46610590988881784,0,continuation,S3S4_Continuation,-1.0,-0.22840483,-1.0,1.0,0.48316097,-1.0,1.0,1.0,2
2024-06-17 00:00:00,-1,-10.349999999999454,45.350000000000364,61.36000000000058,-1,0,0,0,1,1,0,0,0.0,0.0,0.0,-1,mixed,Mixed/Ranging,-1.0,1.0,-1.0,-1.0,1.0,-1.0,1.0,-1.0,5
2024-06-18 00:00:00,-1,6.640000000000327,47.789999999999964,45.159999999999854,-1,0,1,1,0,0,0,0,0.0,0.0,0.0,-1,mixed,Mixed/Ranging,-1.0,-1.0,-1.0,1.0,1.0,1.0,-1.0,1.0,3
2024-06-19 00:00:00,-1,-39.63000000000011,66.98999999999978,39.30999999999949,1,0,0,1,0,0,0,0,0.0,0.0,0.0,-1,mixed,Mixed/Ranging,0.5602584,1.0,1.0,1.0,1.0,-1.0,-1.0,-1.0,9
2024-06-20 00:00:00,1,25.4399999999996,34.399999999999636,44.79999999999927,1,0,0,1,0,1,1,1,-0.6,0.7401004464285731,0.5274553571428601,0,continuation,S3S4_Continuation,1.0,-1.0,-1.0,1.0,1.0,0.20931722,1.0,1.0,3
2024-06-21 00:00:00,-1,-20.839999999999236,55.649999999999636,42.75,1,0,0,1,0,0,1,1,-1.0,0.7438190058479568,0.5342163742690124,0,continuation,S1_BullContinuation,-1.0,0.33568418,-1.0,1.0,-1.0,-1.0,1.0,1.0,0
2024-06-24 00:00:00,1,-4.760000000000218,36.85999999999967,31.909999999999854,-1,1,0,1,1,1,1,-1,-1.0,0.771937872140396,0.5853415857098109,0,continuation,S2_BearContinuation,-1.0,1.0,1.0,-0.92419785,1.0,-1.0,1.0,1.0,4
2024-06-25 00:00:00,-1,-0.31999999999970896,66.94000000000051,70.63000000000011,1,0,0,1,1,0,1,1,-1.0,0.7739202534333882,0.588945915333433,0,continuation,S1_BullContinuation,1.0,-1.0,-1.0,1.0,1.0,1.0,-1.0,1.0,3
2024-06-26 00:00:00,-1,10.960000000000036,44.48000000000047,61.98000000000047,1,0,0,1,0,1,1,1,-1.0,0.8260906744111001,0.683801226202,0,continuation,S1_BullContinuation,0.53302836,-1.0,-1.0,1.0,1.0,1.0,-1.0,1.0,3
2024-06-27 00:00:00,1,-12.4399999999996,51.590000000000146,64.11000000000058,-1,0,0,0,1,1,1,-1,-1.0,0.8057348697551086,0.6467906722820155,0,continuation,S2_BearContinuation,0.32722664,1.0,-0.10741374,1.0,1.0,1.0,-1.0,1.0,3
2024-06-28 00:00:00,1,-1.9200000000000728,48.36999999999989,44.17000000000007,-1,0,0,1,1,1,1,-1,-0.6,0.6455631650441466,0.3555693909893573,0,continuation,S3S4_Continuation,0.5718343,-1.0,-1.0,1.0,1.0,-1.0,1.0,1.0,2
