cluster,count,pct_total,avg_ny_direction,pct_sweep_high,pct_sweep_low,pct_continuation,avg_ny_range,opening_trade_expected_rate,avg_opening_side_bias,avg_opening_style_bias,avg_opening_urgency,pct_open_sweep_high,pct_open_sweep_low,pct_open_bull_continuation,pct_open_bear_continuation,pct_open_generic_continuation,dominant_scenario,centroid_0,centroid_1,centroid_2,centroid_3,centroid_4,centroid_5,centroid_6,centroid_7
0,11,8.461538461538462,0.09090909090909091,9.090909090909092,0.0,90.9090909090909,48.610000000000085,90.9090909090909,-0.5454545454545454,-0.7636363636363637,0.6157596109724666,0.0,0.0,9.090909090909092,18.181818181818183,63.63636363636363,S3S4_Continuation,-1.0,0.9396076,0.8181818,1.0,-0.78581375,-0.97987974,0.35605016,1.0
1,9,6.923076923076923,0.1111111111111111,0.0,11.11111111111111,77.77777777777779,51.96777777777763,66.66666666666666,0.4444444444444444,-0.4444444444444444,0.5063359290939757,0.0,0.0,0.0,0.0,66.66666666666666,S3S4_Continuation,0.9976969,0.6408343,-0.7972188,0.1478095,0.9521871,-0.88848174,-0.91278243,-0.9801463
2,11,8.461538461538462,0.09090909090909091,0.0,9.090909090909092,81.81818181818183,46.83181818181831,81.81818181818183,0.45454545454545453,-0.6727272727272727,0.6116855286135755,0.0,0.0,27.27272727272727,0.0,54.54545454545454,S1_BullContinuation,-0.8333914,-0.639409,-0.6363636,1.0,0.9373919,-0.9461415,0.016085636,1.0
3,25,19.230769230769234,-0.28,4.0,12.0,80.0,44.084800000000016,96.0,0.4,-0.8319999999999999,0.7388186421991645,0.0,0.0,36.0,20.0,40.0,S1_BullContinuation,0.22429271,-0.8845149,-0.80812544,0.8084445,0.96741134,0.9178302,-0.8249405,1.0
4,18,13.846153846153847,-0.3333333333333333,5.555555555555555,16.666666666666664,66.66666666666666,44.52777777777773,88.88888888888889,-0.2222222222222222,-0.6888888888888889,0.5815949802247085,0.0,0.0,0.0,22.22222222222222,66.66666666666666,S2_BearContinuation,-0.9702903,0.9986638,0.98236763,0.6741528,0.9336518,-1.0,0.45470577,-0.3922915
5,12,9.230769230769232,0.0,8.333333333333332,0.0,83.33333333333334,46.17833333333348,75.0,0.5833333333333334,-0.6833333333333332,0.4857143040399534,0.0,0.0,33.33333333333333,0.0,41.66666666666667,S1_BullContinuation,-0.8885849,0.959054,-0.9617069,0.35613975,1.0,-0.8691783,0.808945,-0.045885842
6,12,9.230769230769232,-0.3333333333333333,0.0,33.33333333333333,91.66666666666666,42.31833333333312,91.66666666666666,-0.75,-0.6833333333333332,0.679133282285285,0.0,0.0,0.0,16.666666666666664,75.0,S3S4_Continuation,-0.6666667,0.31238645,0.9395771,0.12638019,-0.8489661,0.9531963,-1.0,0.9569385
7,6,4.615384615384616,-0.6666666666666666,0.0,0.0,100.0,38.69833333333327,83.33333333333334,-0.8333333333333334,-0.6333333333333334,0.6315636455803099,0.0,0.0,0.0,33.33333333333333,50.0,S2_BearContinuation,-0.9980673,1.0,0.9056406,0.9075389,-0.93119997,0.5432691,0.6568976,-0.9565482
8,12,9.230769230769232,0.3333333333333333,0.0,0.0,83.33333333333334,38.21,83.33333333333334,0.8333333333333334,-0.7000000000000001,0.6368892536064125,0.0,0.0,50.0,0.0,33.33333333333333,S1_BullContinuation,0.70947725,0.7294352,-1.0,-0.22445203,1.0,-0.317985,-0.8333333,0.89543104
9,14,10.76923076923077,-0.14285714285714285,14.285714285714285,7.142857142857142,71.42857142857143,44.59785714285704,71.42857142857143,0.14285714285714285,-0.5142857142857142,0.464979027310665,0.0,0.0,7.142857142857142,0.0,64.28571428571429,S3S4_Continuation,0.9685899,0.871836,0.6611361,0.8652006,0.97238594,-0.74733627,-0.7735176,-0.95240307
