date,pnl,trades,wins,losses,news_filtered
2024-07-01,2.434464285714057,1,1.0,0.0,False
2024-07-02,4.313000000000011,1,1.0,0.0,False
2024-07-03,25808.193607142857,2,2.0,0.0,False
2024-07-04,51731.474214285714,3,3.0,0.0,False
2024-07-05,0.0,0,,,True
2024-07-08,2.836607142856792,1,1.0,0.0,False
2024-07-09,2.703035714285761,1,1.0,0.0,False
2024-07-10,25979.392285714286,1,1.0,0.0,False
2024-07-11,0.0,0,,,True
2024-07-12,26046.022285714287,1,1.0,0.0,False
2024-07-15,2.2360714285714494,1,1.0,0.0,False
2024-07-16,26074.832285714285,1,1.0,0.0,False
2024-07-17,26103.452285714287,1,1.0,0.0,False
2024-07-18,26080.642285714286,1,1.0,0.0,False
2024-07-19,25989.512285714285,1,1.0,0.0,False
2024-07-22,25991.062285714288,1,1.0,0.0,False
2024-07-23,25982.632285714288,1,1.0,0.0,False
2024-07-24,5.588035714285525,2,2.0,0.0,False
2024-07-25,25991.422285714285,1,1.0,0.0,False
2024-07-26,7.180071428570955,2,2.0,0.0,False
2024-07-29,2.9058928571425895,1,1.0,0.0,False
2024-07-30,51566.217964285715,3,3.0,0.0,False
2024-07-31,0.0,0,,,True
2024-08-01,25833.971392857144,2,2.0,0.0,False
2024-08-02,0.0,0,,,True
2024-08-05,25732.642285714286,1,1.0,0.0,False
2024-08-06,2.4444642857142753,1,1.0,0.0,False
2024-08-07,2.726071428571231,1,1.0,0.0,False
2024-08-08,2.5767857142855064,1,1.0,0.0,False
2024-08-09,3.10446428571413,1,1.0,0.0,False
2024-08-12,2.4182142857139297,1,1.0,0.0,False
2024-08-13,9.629607142857093,1,1.0,0.0,False
2024-08-14,0.0,0,,,True
2024-08-15,5.903214285714057,2,2.0,0.0,False
2024-08-16,0.0,0,0.0,0.0,False
2024-08-19,2.5244642857142026,1,1.0,0.0,False
2024-08-20,2.3264285714285506,1,1.0,0.0,False
2024-08-21,25627.93317857143,2,2.0,0.0,False
2024-08-22,3.2216071428570103,1,1.0,0.0,False
2024-08-23,2.780357142857156,1,1.0,0.0,False
2024-08-26,-70.05517857142877,2,1.0,1.0,False
2024-08-27,2.729285714285652,1,1.0,0.0,False
2024-08-28,2.4549999999999272,1,1.0,0.0,False
2024-08-29,4.083000000000174,1,1.0,0.0,False
2024-08-30,25462.922285714285,1,1.0,0.0,False
2024-09-02,3.976250000000073,1,1.0,0.0,False
2024-09-03,25577.852285714285,1,1.0,0.0,False
2024-09-04,25587.37603571429,3,3.0,0.0,False
2024-09-05,3.3799999999996544,1,1.0,0.0,False
2024-09-06,0.0,0,,,True
2024-09-09,7.683321428571071,2,2.0,0.0,False
2024-09-10,25392.582285714285,1,1.0,0.0,False
2024-09-11,0.0,0,,,True
2024-09-12,25526.782285714286,1,1.0,0.0,False
2024-09-13,25557.49228571429,1,1.0,0.0,False
2024-09-16,25550.00407142857,2,2.0,0.0,False
2024-09-17,2.497857142856901,1,1.0,0.0,False
2024-09-18,0.0,0,,,True
2024-09-19,25553.672285714285,1,1.0,0.0,False
2024-09-20,3.022142857142626,1,1.0,0.0,False
2024-09-23,25509.802285714286,1,1.0,0.0,False
2024-09-24,25583.832285714285,1,1.0,0.0,False
2024-09-25,25548.032285714286,1,1.0,0.0,False
2024-09-26,3.1360714285710856,1,1.0,0.0,False
2024-09-27,10.25214285714219,3,3.0,0.0,False
2024-09-30,50821.74867857143,3,3.0,0.0,False
2024-10-01,25416.782285714286,1,1.0,0.0,False
2024-10-02,25473.652285714285,1,1.0,0.0,False
2024-10-03,51032.16885714285,3,3.0,0.0,False
2024-10-04,0.0,0,,,True
2024-10-07,25516.892285714286,1,1.0,0.0,False
2024-10-08,25570.175142857144,3,3.0,0.0,False
2024-10-09,25596.832285714285,1,1.0,0.0,False
2024-10-10,0.0,0,,,True
2024-10-11,25520.446214285716,2,2.0,0.0,False
2024-10-14,25524.512285714285,1,1.0,0.0,False
2024-10-15,25571.002285714287,1,1.0,0.0,False
2024-10-16,25571.832285714285,1,1.0,0.0,False
2024-10-17,51179.08457142857,2,2.0,0.0,False
2024-10-18,25641.538,3,3.0,0.0,False
2024-10-21,25695.494964285714,2,2.0,0.0,False
2024-10-22,25708.012285714285,1,1.0,0.0,False
2024-10-23,25730.052285714286,1,1.0,0.0,False
2024-10-24,25687.292285714288,1,1.0,0.0,False
2024-10-25,25569.232285714286,1,1.0,0.0,False
2024-10-28,25636.192285714285,1,1.0,0.0,False
2024-10-29,25584.442285714285,1,1.0,0.0,False
2024-10-30,25600.872285714286,1,1.0,0.0,False
2024-10-31,25619.192285714285,2,1.0,1.0,False
2024-11-01,0.0,0,,,True
2024-11-04,2.518035714285361,1,1.0,0.0,False
2024-11-05,25628.292285714288,1,1.0,0.0,False
2024-11-06,25752.392285714286,1,1.0,0.0,False
2024-11-07,0.0,0,,,True
2024-11-08,2.745892857142735,1,1.0,0.0,False
2024-11-11,25714.282285714286,1,1.0,0.0,False
2024-11-12,2.3587499999998727,1,1.0,0.0,False
2024-11-13,0.0,0,,,True
2024-11-14,25708.342285714287,1,1.0,0.0,False
2024-11-15,25676.762285714285,1,1.0,0.0,False
2024-11-18,25608.602285714285,1,1.0,0.0,False
2024-11-19,25528.532285714286,1,1.0,0.0,False
2024-11-20,2.7796428571427896,1,1.0,0.0,False
2024-11-21,25591.212285714286,1,1.0,0.0,False
2024-11-22,25544.972285714284,1,1.0,0.0,False
2024-11-25,25627.602285714285,1,1.0,0.0,False
2024-11-26,2.9598214285711038,1,1.0,0.0,False
2024-11-27,2.769999999999982,1,1.0,0.0,False
2024-11-28,2.7591071428569194,1,1.0,0.0,False
2024-11-29,25555.752285714287,1,1.0,0.0,False
2024-12-02,2.422857142857083,1,1.0,0.0,False
2024-12-03,2.758392857142553,1,1.0,0.0,False
2024-12-04,25602.36692857143,2,2.0,0.0,False
2024-12-05,25595.192285714285,1,1.0,0.0,False
2024-12-06,0.0,0,,,True
2024-12-09,25539.722285714284,1,1.0,0.0,False
2024-12-10,25558.742535714286,2,2.0,0.0,False
2024-12-11,0.0,0,,,True
2024-12-12,25610.372285714286,1,1.0,0.0,False
2024-12-13,25565.652285714285,1,1.0,0.0,False
2024-12-16,-28.4399999999996,1,0.0,1.0,False
2024-12-17,2.775892857142935,1,1.0,0.0,False
2024-12-18,0.0,0,,,True
2024-12-19,2.300178571428205,1,1.0,0.0,False
2024-12-20,25554.212285714286,2,1.0,1.0,False
2024-12-23,25570.902285714285,1,1.0,0.0,False
2024-12-24,25508.082285714285,1,1.0,0.0,False
2024-12-25,2.3430357142856337,1,1.0,0.0,False
2024-12-26,25459.422285714285,1,1.0,0.0,False
2024-12-27,3.6857142857143117,1,1.0,0.0,False
2024-12-30,2.439642857142644,1,1.0,0.0,False
2024-12-31,25526.632285714288,1,1.0,0.0,False
