direction,entry,exit,sl,pnl,r_multiple,reason,date,opened_in_ny_open,is_first_trade,entry_step,exit_step,holding_steps,holding_minutes,entry_time,exit_time,entry_delay_from_anchor_min,entry_delay_from_ny_open_min,matches_opening_intent,opening_scenario_label,opening_scenario_confidence,opening_setup_family,opening_trade_expected,opening_side_bias,opening_style_bias,opening_aggression,opening_urgency,sweep_high_day,sweep_low_day,sweep_direction,lens1_encoding
short,5186.72,5186.570000000001,5186.570000000001,0.0749999999998181,0.5,sl_hit,2024-07-01,True,1,0,5,6,90.0,2024-07-01T12:15:00+00:00,2024-07-01T13:30:00+00:00,0.0,15.0,1,S7_HighLiqGrab,1.0,sweep_high,1,-1,0.27127789390080576,0.8727142902498886,0.7171428672219744,0,0,none,"[-1.0, 1.0, -0.413188636302948, -1.0, 1.0, -1.0, 1.0, 1.0]"
short,5223.58,5217.418571428571,5217.418571428571,1.2322857142857175,0.2,sl_hit,2024-07-02,True,1,0,5,6,90.0,2024-07-02T12:15:00+00:00,2024-07-02T13:30:00+00:00,0.0,15.0,1,S7_HighLiqGrab,0.7543711304664612,sweep_high,1,-1,0.20934435857216022,0.5698216168034992,0.45635508332808467,0,0,none,"[1.0, -0.7057332992553711, -1.0, 1.0, 1.0, -0.7801550626754761, 1.0, 0.26650676131248474]"
long,5290.31,31091.482285714286,31091.482285714286,25801.172285714285,1.0,sl_hit,2024-07-03,True,1,0,1,2,30.0,2024-07-03T12:15:00+00:00,2024-07-03T12:30:00+00:00,0.0,15.0,1,S3S4_Continuation,0.544999760389328,continuation,1,1,-0.03935076374035013,0.49262101515865375,0.7864270407374665,0,0,none,"[0.43724390864372253, -1.0, -1.0, 0.02271762490272522, -0.5294670462608337, -0.6023060083389282, 0.211320161819458, 1.0]"
short,5295.87,5274.25,5290.475357142857,4.3239999999999785,0.8015359152598862,time_exit,2024-07-03,False,0,22,35,14,210.0,2024-07-03T17:45:00+00:00,2024-07-03T20:45:00+00:00,330.0,345.0,0,S3S4_Continuation,0.544999760389328,continuation,1,1,-0.03935076374035013,0.49262101515865375,0.7864270407374665,1,1,both,"[0.43724390864372253, -1.0, -1.0, 0.02271762490272522, -0.5294670462608337, -0.6023060083389282, 0.211320161819458, 1.0]"
short,5244.4,5244.25,5244.25,0.0749999999998181,0.5,sl_hit,2024-07-04,True,1,0,6,7,105.0,2024-07-04T12:15:00+00:00,2024-07-04T13:45:00+00:00,0.0,15.0,1,S3S4_Continuation,0.8,continuation,1,-1,0.11664946246243107,0.5650496018249015,0.3473600050691705,0,0,none,"[-1.0, 1.0, 1.0, 1.0, -0.3231046795845032, 1.0, 1.0, -1.0]"
long,5226.01,31091.482285714286,31091.482285714286,25865.472285714284,1.0,sl_hit,2024-07-04,False,0,23,24,2,30.0,2024-07-04T18:00:00+00:00,2024-07-04T18:15:00+00:00,345.0,360.0,0,S3S4_Continuation,0.8,continuation,1,-1,0.11664946246243107,0.5650496018249015,0.3473600050691705,0,1,low,"[-1.0, 1.0, 1.0, 1.0, -0.3231046795845032, 1.0, 1.0, -1.0]"
long,5228.01,31091.482285714286,31091.482285714286,25863.472285714284,1.0,sl_hit,2024-07-04,False,0,25,26,2,30.0,2024-07-04T18:30:00+00:00,2024-07-04T18:45:00+00:00,375.0,390.0,0,S3S4_Continuation,0.8,continuation,1,-1,0.11664946246243107,0.5650496018249015,0.3473600050691705,0,1,low,"[-1.0, 1.0, 1.0, 1.0, -0.3231046795845032, 1.0, 1.0, -1.0]"
short,5077.38,5077.2300000000005,5077.2300000000005,0.0749999999998181,0.5,sl_hit,2024-07-08,True,1,0,4,5,75.0,2024-07-08T12:15:00+00:00,2024-07-08T13:15:00+00:00,0.0,15.0,1,S3S4_Continuation,0.793541356921196,continuation,1,-1,0.04617548969255565,0.7180759735972189,0.7886677860348567,0,0,none,"[0.9168741703033447, 0.8464757800102234, 1.0, 1.0, 0.4939489960670471, -1.0, 0.4101181626319885, 1.0]"
short,5108.73,5108.58,5108.58,0.0749999999998181,0.5,sl_hit,2024-07-09,True,1,0,7,8,120.0,2024-07-09T12:15:00+00:00,2024-07-09T14:00:00+00:00,0.0,15.0,1,S2_BearContinuation,0.8053740859031677,continuation,1,-1,-0.4695292347181368,0.7533127833229533,0.8563502532095405,0,0,none,"[1.0, -1.0, -1.0, 1.0, 1.0, -0.567497968673706, -1.0, 1.0]"
long,5112.09,31091.482285714286,31091.482285714286,25979.392285714286,1.0,sl_hit,2024-07-10,True,1,0,1,2,30.0,2024-07-10T12:15:00+00:00,2024-07-10T12:30:00+00:00,0.0,15.0,1,S3S4_Continuation,0.6630368575453758,continuation,1,1,0.13878457957669052,0.578641740542229,0.7171428672219744,0,0,none,"[-1.0, 1.0, -1.0, 1.0, 1.0, 0.25119301676750183, 1.0, 1.0]"
long,5045.46,31091.482285714286,31091.482285714286,26046.022285714287,1.0,sl_hit,2024-07-12,True,1,0,1,2,30.0,2024-07-12T12:15:00+00:00,2024-07-12T12:30:00+00:00,0.0,15.0,1,S1_BullContinuation,0.6529140189290047,continuation,1,1,-0.21385997894702263,0.446901645821471,0.29882762461855317,0,0,none,"[-1.0, 1.0, -1.0, 1.0, 0.6041496992111206, 1.0, -0.539519727230072, 0.07041057199239731]"
short,4967.97,4967.820000000001,4967.820000000001,0.0749999999998181,0.5,sl_hit,2024-07-15,True,1,0,2,3,45.0,2024-07-15T12:15:00+00:00,2024-07-15T12:45:00+00:00,0.0,15.0,1,S2_BearContinuation,0.5085361406207085,continuation,1,-1,-0.16011149241682143,0.45587455731242615,0.7698772391235897,0,0,none,"[-1.0, 1.0, 1.0, -1.0, 1.0, -0.42726078629493713, -0.33219653367996216, 1.0]"
long,5016.65,31091.482285714286,31091.482285714286,26074.832285714285,1.0,sl_hit,2024-07-16,True,1,0,1,2,30.0,2024-07-16T12:15:00+00:00,2024-07-16T12:30:00+00:00,0.0,15.0,1,S1_BullContinuation,0.8577653527259825,continuation,1,1,-0.5108957664568495,0.8023173536498601,0.8563502532095405,0,0,none,"[0.16257748007774353, 0.20797421038150787, -1.0, 0.5027071833610535, 1.0, 0.6839230060577393, -1.0, 1.0]"
long,4988.03,31091.482285714286,31091.482285714286,26103.452285714287,1.0,sl_hit,2024-07-17,True,1,0,1,2,30.0,2024-07-17T12:15:00+00:00,2024-07-17T12:30:00+00:00,0.0,15.0,1,S8_LowLiqGrab,0.8423511803150177,sweep_low,1,1,0.2531304583731718,0.7351319124697765,0.7171428672219744,0,0,none,"[-1.0, 1.0, -1.0, 1.0, -0.282796710729599, 0.6496692895889282, 1.0, 1.0]"
long,5010.84,31091.482285714286,31091.482285714286,26080.642285714286,1.0,sl_hit,2024-07-18,True,1,0,1,2,30.0,2024-07-18T12:15:00+00:00,2024-07-18T12:30:00+00:00,0.0,15.0,1,S1_BullContinuation,1.0,continuation,1,1,-0.5115192346395083,0.9353576139442933,0.8563502532095405,0,0,none,"[-0.6225872039794922, 1.0, -1.0, 1.0, 1.0, 1.0, -1.0, 1.0]"
long,5101.97,31091.482285714286,31091.482285714286,25989.512285714285,1.0,sl_hit,2024-07-19,True,1,0,1,2,30.0,2024-07-19T12:15:00+00:00,2024-07-19T12:30:00+00:00,0.0,15.0,1,S3S4_Continuation,0.5300647109746933,continuation,1,1,-0.0005555974827590737,0.4625950480247918,0.7171428672219744,0,0,none,"[-1.0, 0.7914239764213562, -1.0, 1.0, 0.633411169052124, 0.3697914779186249, 0.4675958454608917, 1.0]"
long,5100.42,31091.482285714286,31091.482285714286,25991.062285714288,1.0,sl_hit,2024-07-22,True,1,0,1,2,30.0,2024-07-22T12:15:00+00:00,2024-07-22T12:30:00+00:00,0.0,15.0,1,S1_BullContinuation,0.6459703952074052,continuation,1,1,-0.3345693399921853,0.6042133275398507,0.8563502532095405,0,0,none,"[1.0, -0.6497339606285095, -1.0, 0.7096645832061768, 1.0, -0.38287562131881714, -0.7819324731826782, 1.0]"
long,5108.85,31091.482285714286,31091.482285714286,25982.632285714288,1.0,sl_hit,2024-07-23,True,1,0,1,2,30.0,2024-07-23T12:15:00+00:00,2024-07-23T12:30:00+00:00,0.0,15.0,1,S3S4_Continuation,0.6903520941734314,continuation,1,1,-0.006770622125231815,0.5482032174747989,0.5424271247531405,0,0,none,"[-1.0, 1.0, -1.0, 1.0, 1.0, 1.0, 0.33715295791625977, 0.6117427945137024]"
short,5136.47,5136.320000000001,5136.320000000001,0.0749999999998181,0.5,sl_hit,2024-07-24,True,1,0,6,7,105.0,2024-07-24T12:15:00+00:00,2024-07-24T13:45:00+00:00,0.0,15.0,1,S2_BearContinuation,1.0,continuation,1,-1,-0.4782003540691679,0.9038921683318599,0.7864270407374665,0,0,none,"[0.8721239566802979, -0.8315909504890442, -1.0, 1.0, 1.0, -1.0, -1.0, 1.0]"
short,5111.98,5111.83,5111.83,0.0749999999998181,0.5,sl_hit,2024-07-24,False,0,23,34,12,180.0,2024-07-24T18:00:00+00:00,2024-07-24T20:45:00+00:00,345.0,360.0,1,S2_BearContinuation,1.0,continuation,1,-1,-0.4782003540691679,0.9038921683318599,0.7864270407374665,0,0,none,"[0.8721239566802979, -0.8315909504890442, -1.0, 1.0, 1.0, -1.0, -1.0, 1.0]"
long,5100.06,31091.482285714286,31091.482285714286,25991.422285714285,1.0,sl_hit,2024-07-25,True,1,0,1,2,30.0,2024-07-25T12:15:00+00:00,2024-07-25T12:30:00+00:00,0.0,15.0,1,S8_LowLiqGrab,0.7789220809936523,sweep_low,1,1,0.17699955796742742,0.5220447096731269,0.2671428672219744,0,0,none,"[-1.0, 1.0, -1.0, 1.0, 0.6818541288375854, 1.0, 0.9397773742675781, -0.048492349684238434]"
short,5141.23,5141.08,5141.08,0.0749999999998181,0.5,sl_hit,2024-07-26,True,1,0,2,3,45.0,2024-07-26T12:15:00+00:00,2024-07-26T12:45:00+00:00,0.0,15.0,1,S7_HighLiqGrab,1.0,sweep_high,1,-1,0.29409846576846554,0.8727142902498886,0.7171428672219744,0,0,none,"[-1.0, 0.5168003439903259, -1.0, 1.0, 0.15529543161392212, -1.0, 1.0, 1.0]"
short,5122.64,5116.500357142858,5116.500357142858,1.2279285714284924,0.2,sl_hit,2024-07-26,False,0,5,13,9,135.0,2024-07-26T13:30:00+00:00,2024-07-26T15:30:00+00:00,75.0,90.0,1,S7_HighLiqGrab,1.0,sweep_high,1,-1,0.29409846576846554,0.8727142902498886,0.7171428672219744,0,0,none,"[-1.0, 0.5168003439903259, -1.0, 1.0, 0.15529543161392212, -1.0, 1.0, 1.0]"
short,5332.08,5331.93,5331.93,0.0749999999998181,0.5,sl_hit,2024-07-29,True,1,0,11,12,180.0,2024-07-29T12:15:00+00:00,2024-07-29T15:00:00+00:00,0.0,15.0,1,S3S4_Continuation,0.8929440408945084,continuation,1,-1,0.11766715480317336,0.7792850248821184,0.7171428672219744,0,0,none,"[-1.0, 1.0, -0.6079563498497009, -1.0, 1.0, -1.0, 0.6941258311271667, 1.0]"
short,5319.64,5319.490000000001,5319.490000000001,0.0749999999998181,0.5,sl_hit,2024-07-30,True,1,0,3,4,60.0,2024-07-30T12:15:00+00:00,2024-07-30T13:00:00+00:00,0.0,15.0,1,S7_HighLiqGrab,1.0,sweep_high,1,-1,0.27217577611853805,0.8727142902498886,0.7171428672219744,0,0,none,"[-0.6028784513473511, 0.9363269805908203, -0.7703782916069031, -1.0, 1.0, -1.0, 1.0, 1.0]"
long,5304.86,31091.482285714286,31091.482285714286,25786.622285714286,1.0,sl_hit,2024-07-30,False,0,19,20,2,30.0,2024-07-30T17:00:00+00:00,2024-07-30T17:15:00+00:00,285.0,300.0,0,S7_HighLiqGrab,1.0,sweep_high,1,-1,0.27217577611853805,0.8727142902498886,0.7171428672219744,0,1,low,"[-0.6028784513473511, 0.9363269805908203, -0.7703782916069031, -1.0, 1.0, -1.0, 1.0, 1.0]"
long,5314.16,31091.482285714286,31091.482285714286,25777.322285714286,1.0,sl_hit,2024-07-30,False,0,23,24,2,30.0,2024-07-30T18:00:00+00:00,2024-07-30T18:15:00+00:00,345.0,360.0,0,S7_HighLiqGrab,1.0,sweep_high,1,-1,0.27217577611853805,0.8727142902498886,0.7171428672219744,0,1,low,"[-0.6028784513473511, 0.9363269805908203, -0.7703782916069031, -1.0, 1.0, -1.0, 1.0, 1.0]"
long,5269.45,31091.482285714286,31091.482285714286,25822.032285714286,1.0,sl_hit,2024-08-01,True,1,0,1,2,30.0,2024-08-01T12:15:00+00:00,2024-08-01T12:30:00+00:00,0.0,15.0,1,S1_BullContinuation,0.7669904202222824,continuation,1,1,-0.3684511494882414,0.5427455002962683,0.3502890894835269,0,0,none,"[1.0, 1.0, -1.0, 1.0, 1.0, 1.0, -0.9056869149208069, -0.10560337454080582]"
short,5309.62,5291.79,5309.47,8.914999999999964,59.433333333477236,time_exit,2024-08-01,False,0,24,35,12,180.0,2024-08-01T18:15:00+00:00,2024-08-01T20:45:00+00:00,360.0,375.0,0,S1_BullContinuation,0.7669904202222824,continuation,1,1,-0.3684511494882414,0.5427455002962683,0.3502890894835269,1,0,high,"[1.0, 1.0, -1.0, 1.0, 1.0, 1.0, -0.9056869149208069, -0.10560337454080582]"
long,5358.84,31091.482285714286,31091.482285714286,25732.642285714286,1.0,sl_hit,2024-08-05,True,1,0,1,2,30.0,2024-08-05T12:15:00+00:00,2024-08-05T12:30:00+00:00,0.0,15.0,1,S1_BullContinuation,0.6093396633863448,continuation,1,1,-0.35044597692148716,0.5545783628414351,0.8002890894835268,0,0,none,"[1.0, -0.020028159022331238, -1.0, 1.0, 1.0, -0.13186591863632202, -1.0, 1.0]"
short,5423.8,5423.650000000001,5423.650000000001,0.0749999999998181,0.5,sl_hit,2024-08-06,True,1,0,8,9,135.0,2024-08-06T12:15:00+00:00,2024-08-06T14:15:00+00:00,0.0,15.0,1,S7_HighLiqGrab,0.9096323549747467,sweep_high,1,-1,0.20164088131987767,0.8222095617229399,0.7864270407374665,0,0,none,"[-0.828359842300415, -1.0, -1.0, 0.40489110350608826, 1.0, -0.7991830110549927, 1.0, 1.0]"
short,5395.97,5395.820000000001,5395.820000000001,0.0749999999998181,0.5,sl_hit,2024-08-07,True,1,0,2,3,45.0,2024-08-07T12:15:00+00:00,2024-08-07T12:45:00+00:00,0.0,15.0,1,S3S4_Continuation,0.5684871271252632,continuation,1,-1,0.03241865504742633,0.3810081964224564,0.2671428672219744,0,0,none,"[-1.0, 1.0, -0.7374988794326782, 1.0, 1.0, -0.4855269491672516, 1.0, -0.4832914173603058]"
short,5355.38,5355.2300000000005,5355.2300000000005,0.0749999999998181,0.5,sl_hit,2024-08-08,True,1,0,3,4,60.0,2024-08-08T12:15:00+00:00,2024-08-08T13:00:00+00:00,0.0,15.0,1,S3S4_Continuation,0.8,continuation,1,-1,0.1326613222017834,0.5650496018249015,0.3473600050691705,0,0,none,"[-1.0, 1.0, 0.1524895578622818, 1.0, -0.5196759700775146, 1.0, 1.0, -1.0]"
short,5347.41,5347.26,5347.26,0.0749999999998181,0.5,sl_hit,2024-08-09,True,1,0,24,25,375.0,2024-08-09T12:15:00+00:00,2024-08-09T18:15:00+00:00,0.0,15.0,1,S7_HighLiqGrab,0.8,sweep_high,1,-1,0.19053658058501097,0.5650496018249015,0.3473600050691705,0,0,none,"[-1.0, 1.0, -0.792076051235199, 1.0, -1.0, 1.0, 1.0, -1.0]"
short,5297.59,5297.4400000000005,5297.4400000000005,0.0749999999998181,0.5,sl_hit,2024-08-12,True,1,0,2,3,45.0,2024-08-12T12:15:00+00:00,2024-08-12T12:45:00+00:00,0.0,15.0,1,S3S4_Continuation,0.8,continuation,1,-1,0.13654692868977486,0.5551558060844924,0.3198772391235897,0,0,none,"[-0.06097617745399475, 1.0, 1.0, 1.0, 1.0, -1.0, 1.0, -0.15756037831306458]"
short,5315.59,5279.5,5310.766785714286,7.218000000000029,1.496512402813827,tp3_hit,2024-08-13,True,1,0,19,20,300.0,2024-08-13T12:15:00+00:00,2024-08-13T17:00:00+00:00,0.0,15.0,1,S2_BearContinuation,1.0,continuation,1,-1,-0.48243672683674,0.9101300902675871,0.8002890894835268,0,0,none,"[1.0, 0.08328060805797577, 0.37679481506347656, 1.0, 1.0, -1.0, -1.0, 1.0]"
short,5336.11,5335.96,5335.96,0.0749999999998181,0.5,sl_hit,2024-08-15,True,1,0,8,9,135.0,2024-08-15T12:15:00+00:00,2024-08-15T14:15:00+00:00,0.0,15.0,1,S7_HighLiqGrab,0.9979013323783874,sweep_high,1,-1,0.24827753950544276,0.8708827530260225,0.7171428672219744,0,0,none,"[-1.0, 1.0, -1.0, 0.9680843353271484, 0.5963494777679443, -0.9953362941741943, 1.0, 1.0]"
short,5356.68,5356.530000000001,5356.530000000001,0.0749999999998181,0.5,sl_hit,2024-08-15,False,0,12,23,12,180.0,2024-08-15T15:15:00+00:00,2024-08-15T18:00:00+00:00,180.0,195.0,1,S7_HighLiqGrab,0.9979013323783874,sweep_high,1,-1,0.24827753950544276,0.8708827530260225,0.7171428672219744,0,0,none,"[-1.0, 1.0, -1.0, 0.9680843353271484, 0.5963494777679443, -0.9953362941741943, 1.0, 1.0]"
short,5491.07,5490.92,5490.92,0.0749999999998181,0.5,sl_hit,2024-08-19,True,1,0,2,3,45.0,2024-08-19T12:15:00+00:00,2024-08-19T12:45:00+00:00,0.0,15.0,1,S3S4_Continuation,0.8,continuation,1,-1,0.08717168202846962,0.5361714321999108,0.2671428672219744,0,0,none,"[-1.0, 1.0, -1.0, 1.0, 1.0, -1.0, 1.0, -0.07461578398942947]"
short,5471.77,5471.620000000001,5471.620000000001,0.0749999999998181,0.5,sl_hit,2024-08-20,True,1,0,4,5,75.0,2024-08-20T12:15:00+00:00,2024-08-20T13:15:00+00:00,0.0,15.0,1,S3S4_Continuation,0.8,continuation,1,-1,0.08109661899562848,0.5650496018249015,0.3473600050691705,0,0,none,"[-1.0, 1.0, 1.0, 1.0, -1.0, 1.0, 1.0, -1.0]"
long,5466.75,31091.482285714286,31091.482285714286,25624.732285714286,1.0,sl_hit,2024-08-21,True,1,0,1,2,30.0,2024-08-21T12:15:00+00:00,2024-08-21T12:30:00+00:00,0.0,15.0,1,S8_LowLiqGrab,0.9724515318870545,sweep_low,1,1,0.31652326003034115,0.8566512044228276,0.735375951815043,0,0,none,"[-1.0, 1.0, 0.024362877011299133, 0.4031929671764374, -0.3102816939353943, 1.0, 1.0, 0.8622576594352722]"
short,5486.36,5486.21,5486.21,0.0749999999998181,0.5,sl_hit,2024-08-21,False,0,17,19,3,45.0,2024-08-21T16:30:00+00:00,2024-08-21T17:00:00+00:00,255.0,270.0,0,S8_LowLiqGrab,0.9724515318870545,sweep_low,1,1,0.31652326003034115,0.8566512044228276,0.735375951815043,0,0,none,"[-1.0, 1.0, 0.024362877011299133, 0.4031929671764374, -0.3102816939353943, 1.0, 1.0, 0.8622576594352722]"
short,5421.05,5420.900000000001,5420.900000000001,0.0749999999998181,0.5,sl_hit,2024-08-22,True,1,0,3,4,60.0,2024-08-22T12:15:00+00:00,2024-08-22T13:00:00+00:00,0.0,15.0,1,S7_HighLiqGrab,0.8,sweep_high,1,-1,0.16923821187207624,0.5650496018249015,0.3473600050691705,0,0,none,"[-0.49557027220726013, 1.0, 0.020041242241859436, 1.0, -1.0, 1.0, 1.0, -0.2070418894290924]"
short,5452.03,5451.88,5451.88,0.0749999999998181,0.5,sl_hit,2024-08-23,True,1,0,2,3,45.0,2024-08-23T12:15:00+00:00,2024-08-23T12:45:00+00:00,0.0,15.0,1,S7_HighLiqGrab,0.9173771739006042,sweep_high,1,-1,0.2750844538989653,0.7238644208215353,0.531241508498334,0,0,none,"[1.0, 1.0, -1.0, 1.0, 1.0, -1.0, 1.0, 0.5868858695030212]"
short,5558.12,5557.97,5557.97,0.0749999999998181,0.5,sl_hit,2024-08-26,True,1,0,2,3,45.0,2024-08-26T12:15:00+00:00,2024-08-26T12:45:00+00:00,0.0,15.0,1,S7_HighLiqGrab,1.0,sweep_high,1,-1,0.29323099263515917,0.8727142902498886,0.7171428672219744,0,0,none,"[-1.0, 0.08170630037784576, -1.0, -1.0, 1.0, -1.0, 1.0, 1.0]"
short,5545.0,5617.59,31248.777714285716,-72.59000000000015,-0.0028240984966056517,time_exit,2024-08-26,False,0,6,35,30,450.0,2024-08-26T13:45:00+00:00,2024-08-26T20:45:00+00:00,90.0,105.0,1,S7_HighLiqGrab,1.0,sweep_high,1,-1,0.29323099263515917,0.8727142902498886,0.7171428672219744,0,0,none,"[-1.0, 0.08170630037784576, -1.0, -1.0, 1.0, -1.0, 1.0, 1.0]"
short,5573.11,5572.96,5572.96,0.0749999999998181,0.5,sl_hit,2024-08-27,True,1,0,2,3,45.0,2024-08-27T12:15:00+00:00,2024-08-27T12:45:00+00:00,0.0,15.0,1,S3S4_Continuation,0.6794912680983543,continuation,1,-1,-0.08920552306759924,0.5591787998492662,0.6065276286746493,0,0,none,"[-1.0, 1.0, -1.0, 1.0, 1.0, -1.0, 0.22472456097602844, 0.7541883587837219]"
short,5551.06,5550.910000000001,5550.910000000001,0.0749999999998181,0.5,sl_hit,2024-08-28,True,1,0,2,3,45.0,2024-08-28T12:15:00+00:00,2024-08-28T12:45:00+00:00,0.0,15.0,1,S7_HighLiqGrab,0.8360187947750092,sweep_high,1,-1,0.1840875771302491,0.6209789031467059,0.4284022933129411,0,0,none,"[-1.0, 1.0, 0.7708454132080078, 1.0, -0.9800485372543335, 1.0, 1.0, 0.18009397387504578]"
short,5624.45,5618.617142857142,5618.617142857142,1.1665714285714786,0.2,sl_hit,2024-08-29,True,1,0,15,16,240.0,2024-08-29T12:15:00+00:00,2024-08-29T16:00:00+00:00,0.0,15.0,1,S3S4_Continuation,0.7157005608081817,continuation,1,-1,-0.07976184024811228,0.6513806160129131,0.8002890894835268,0,0,none,"[0.17070475220680237, 0.6439222693443298, -1.0, -1.0, 0.8148218393325806, -1.0, 0.18771588802337646, 1.0]"
long,5628.56,31091.482285714286,31091.482285714286,25462.922285714285,1.0,sl_hit,2024-08-30,True,1,0,1,2,30.0,2024-08-30T12:15:00+00:00,2024-08-30T12:30:00+00:00,0.0,15.0,1,S3S4_Continuation,0.879780501127243,continuation,1,1,0.13561551792191187,0.7677970156169532,0.7171428672219744,0,0,none,"[-1.0, 1.0, -1.0, 1.0, 1.0, 1.0, 0.6565157175064087, 1.0]"
short,5446.55,5440.869642857143,5440.869642857143,1.1360714285714495,0.2,sl_hit,2024-09-02,True,1,0,10,11,165.0,2024-09-02T12:15:00+00:00,2024-09-02T14:45:00+00:00,0.0,15.0,1,S7_HighLiqGrab,1.0,sweep_high,1,-1,0.2684811152679732,0.8727142902498886,0.7171428672219744,0,0,none,"[-1.0, 1.0, -0.4779126048088074, -1.0, 1.0, -1.0, 1.0, 1.0]"
long,5513.63,31091.482285714286,31091.482285714286,25577.852285714285,1.0,sl_hit,2024-09-03,True,1,0,1,2,30.0,2024-09-03T12:15:00+00:00,2024-09-03T12:30:00+00:00,0.0,15.0,1,S1_BullContinuation,0.8813972353935242,continuation,1,1,-0.3329535572549391,0.8021861454103099,0.8002890894835268,0,0,none,"[1.0, 1.0, -1.0, 1.0, 1.0, 1.0, -0.6611349582672119, 1.0]"
long,5510.27,31091.482285714286,31091.482285714286,25581.212285714286,1.0,sl_hit,2024-09-04,True,1,0,1,2,30.0,2024-09-04T12:15:00+00:00,2024-09-04T12:30:00+00:00,0.0,15.0,1,S3S4_Continuation,0.510906851477921,continuation,1,1,-0.13702034543605227,0.47788061354617967,0.8563502532095405,0,0,none,"[-1.0, -0.8397894501686096, -1.0, 0.2951088845729828, 0.3277587294578552, 0.666049599647522, -0.03195580467581749, 1.0]"
short,5537.9,5537.75,5537.75,0.0749999999998181,0.5,sl_hit,2024-09-04,False,0,4,19,16,240.0,2024-09-04T13:15:00+00:00,2024-09-04T17:00:00+00:00,60.0,75.0,0,S3S4_Continuation,0.510906851477921,continuation,1,1,-0.13702034543605227,0.47788061354617967,0.8563502532095405,0,0,none,"[-1.0, -0.8397894501686096, -1.0, 0.2951088845729828, 0.3277587294578552, 0.666049599647522, -0.03195580467581749, 1.0]"
short,5543.93,5543.780000000001,5543.780000000001,0.0749999999998181,0.5,sl_hit,2024-09-04,False,0,24,28,5,75.0,2024-09-04T18:15:00+00:00,2024-09-04T19:15:00+00:00,360.0,375.0,0,S3S4_Continuation,0.510906851477921,continuation,1,1,-0.13702034543605227,0.47788061354617967,0.8563502532095405,0,0,none,"[-1.0, -0.8397894501686096, -1.0, 0.2951088845729828, 0.3277587294578552, 0.666049599647522, -0.03195580467581749, 1.0]"
short,5539.98,5539.83,5539.83,0.0749999999998181,0.5,sl_hit,2024-09-05,True,1,0,13,14,210.0,2024-09-05T12:15:00+00:00,2024-09-05T15:30:00+00:00,0.0,15.0,1,S3S4_Continuation,0.7363461434841156,continuation,1,-1,0.10828332293082576,0.6655775122766602,0.7864270407374665,0,0,none,"[0.8062461614608765, -1.0, -1.0, 1.0, 1.0, -0.6287256479263306, 0.7240560054779053, 1.0]"
short,5673.09,5672.9400000000005,5672.9400000000005,0.0749999999998181,0.5,sl_hit,2024-09-09,True,1,0,5,6,90.0,2024-09-09T12:15:00+00:00,2024-09-09T13:30:00+00:00,0.0,15.0,1,S7_HighLiqGrab,0.9930583834648132,sweep_high,1,-1,0.3114224126327584,0.8596766439259427,0.7015242300178042,0,0,none,"[0.8910527229309082, 1.0, -1.0, 1.0, 1.0, -1.0, 1.0, 0.9652919173240662]"
short,5657.23,5650.821428571428,5650.821428571428,1.2817142857142245,0.2,sl_hit,2024-09-09,False,0,22,34,13,195.0,2024-09-09T17:45:00+00:00,2024-09-09T20:45:00+00:00,330.0,345.0,1,S7_HighLiqGrab,0.9930583834648132,sweep_high,1,-1,0.3114224126327584,0.8596766439259427,0.7015242300178042,0,1,low,"[0.8910527229309082, 1.0, -1.0, 1.0, 1.0, -1.0, 1.0, 0.9652919173240662]"
long,5698.9,31091.482285714286,31091.482285714286,25392.582285714285,1.0,sl_hit,2024-09-10,True,1,0,1,2,30.0,2024-09-10T12:15:00+00:00,2024-09-10T12:30:00+00:00,0.0,15.0,1,S1_BullContinuation,0.7718949273228646,continuation,1,1,-0.4437526388888652,0.7025247998814513,0.8002890894835268,0,0,none,"[1.0, 1.0, -1.0, 1.0, 1.0, 0.4930998384952545, -1.0, 1.0]"
long,5564.7,31091.482285714286,31091.482285714286,25526.782285714286,1.0,sl_hit,2024-09-12,True,1,0,1,2,30.0,2024-09-12T12:15:00+00:00,2024-09-12T12:30:00+00:00,0.0,15.0,1,S3S4_Continuation,0.40246380418539046,continuation,1,1,0.02657276218904689,0.2856026687709988,0.3547459191824427,0,0,none,"[-1.0, 1.0, 0.02648235857486725, 1.0, 0.25464874505996704, 0.2566245496273041, 0.7087087631225586, 0.19467344880104065]"
long,5533.99,31091.482285714286,31091.482285714286,25557.49228571429,1.0,sl_hit,2024-09-13,True,1,0,1,2,30.0,2024-09-13T12:15:00+00:00,2024-09-13T12:30:00+00:00,0.0,15.0,1,S3S4_Continuation,0.8,continuation,1,1,0.08109661899562848,0.5650496018249015,0.3473600050691705,0,0,none,"[-1.0, 1.0, 1.0, 1.0, -1.0, 1.0, 1.0, -1.0]"
long,5544.68,31091.482285714286,31091.482285714286,25546.802285714286,1.0,sl_hit,2024-09-16,True,1,0,1,2,30.0,2024-09-16T12:15:00+00:00,2024-09-16T12:30:00+00:00,0.0,15.0,1,S8_LowLiqGrab,0.8580941617488862,sweep_low,1,1,0.2059979990614552,0.6565555948218708,0.4780718690041642,0,0,none,"[-1.0, 0.7019003629684448, 1.0, 1.0, -1.0, 1.0, 1.0, 0.29047080874443054]"
short,5569.33,5569.18,5569.18,0.0749999999998181,0.5,sl_hit,2024-09-16,True,0,3,6,4,60.0,2024-09-16T13:00:00+00:00,2024-09-16T13:45:00+00:00,45.0,60.0,0,S8_LowLiqGrab,0.8580941617488862,sweep_low,1,1,0.2059979990614552,0.6565555948218708,0.4780718690041642,0,0,none,"[-1.0, 0.7019003629684448, 1.0, 1.0, -1.0, 1.0, 1.0, 0.29047080874443054]"
short,5571.78,5571.63,5571.63,0.0749999999998181,0.5,sl_hit,2024-09-17,True,1,0,4,5,75.0,2024-09-17T12:15:00+00:00,2024-09-17T13:15:00+00:00,0.0,15.0,1,S7_HighLiqGrab,0.9441025495529175,sweep_high,1,-1,0.2942038413543716,0.7704991994070787,0.5913736037160388,0,0,none,"[1.0, 1.0, -0.13583515584468842, 1.0, 1.0, -1.0, 1.0, 0.7205127477645874]"
long,5537.81,31091.482285714286,31091.482285714286,25553.672285714285,1.0,sl_hit,2024-09-19,True,1,0,1,2,30.0,2024-09-19T12:15:00+00:00,2024-09-19T12:30:00+00:00,0.0,15.0,1,S3S4_Continuation,0.5964021697640418,continuation,1,1,0.1405561540610406,0.5293960953128861,0.750332250252969,0,0,none,"[-0.0501578152179718, 1.0, 0.8570446968078613, 1.0, 1.0, 0.12241962552070618, 1.0, 0.9565666913986206]"
short,5500.94,5500.79,5500.79,0.0749999999998181,0.5,sl_hit,2024-09-20,True,1,0,2,3,45.0,2024-09-20T12:15:00+00:00,2024-09-20T12:45:00+00:00,0.0,15.0,1,S3S4_Continuation,0.6644452556967736,continuation,1,-1,0.015044065011737995,0.4852292687974717,0.4006161602471213,0,0,none,"[-0.554489016532898, 1.0, 0.08970381319522858, 1.0, -1.0, 1.0, 0.5450738668441772, 0.11834701150655746]"
long,5581.68,31091.482285714286,31091.482285714286,25509.802285714286,1.0,sl_hit,2024-09-23,True,1,0,1,2,30.0,2024-09-23T12:15:00+00:00,2024-09-23T12:30:00+00:00,0.0,15.0,1,S3S4_Continuation,0.747406142950058,continuation,1,1,-0.018585415737324334,0.6990920265170737,0.8563502532095405,0,0,none,"[-1.0, -0.9835624098777771, -1.0, 1.0, -0.9342495203018188, 1.0, 0.27830326557159424, 1.0]"
long,5507.65,31091.482285714286,31091.482285714286,25583.832285714285,1.0,sl_hit,2024-09-24,True,1,0,1,2,30.0,2024-09-24T12:15:00+00:00,2024-09-24T12:30:00+00:00,0.0,15.0,1,S8_LowLiqGrab,0.8651045143604279,sweep_low,1,1,0.23265747583244728,0.6680599386147857,0.49384516238013315,0,0,none,"[-1.0, 1.0, -0.11804388463497162, 1.0, -0.7893074750900269, 1.0, 1.0, 0.3255225718021393]"
long,5543.45,31091.482285714286,31091.482285714286,25548.032285714286,1.0,sl_hit,2024-09-25,True,1,0,1,2,30.0,2024-09-25T12:15:00+00:00,2024-09-25T12:30:00+00:00,0.0,15.0,1,S1_BullContinuation,0.5536131978034973,continuation,1,1,-0.15760914232391746,0.5038600296902245,0.8002890894835268,0,0,none,"[0.1619117558002472, 0.9287135601043701, -1.0, 1.0, 1.0, -0.6577166318893433, -0.16468775272369385, 1.0]"
short,5629.33,5629.18,5629.18,0.0749999999998181,0.5,sl_hit,2024-09-26,True,1,0,3,4,60.0,2024-09-26T12:15:00+00:00,2024-09-26T13:00:00+00:00,0.0,15.0,1,S7_HighLiqGrab,0.9730339169502259,sweep_high,1,-1,0.26006984733088767,0.8226137043878744,0.6564691803599825,0,0,none,"[0.06203223764896393, 1.0, -0.45465922355651855, 1.0, 1.0, -1.0, 1.0, 0.8651695847511292]"
short,5717.16,5717.01,5717.01,0.0749999999998181,0.5,sl_hit,2024-09-27,True,1,0,2,3,45.0,2024-09-27T12:15:00+00:00,2024-09-27T12:45:00+00:00,0.0,15.0,1,S7_HighLiqGrab,0.9883610367774962,sweep_high,1,-1,0.3258615870694428,0.8933718006275362,0.7864270407374665,0,0,none,"[-1.0, -0.41575807332992554, -1.0, -0.7864729166030884, -0.3346417546272278, -0.9741356372833252, 1.0, 1.0]"
short,5713.63,5713.4800000000005,5713.4800000000005,0.0749999999998181,0.5,sl_hit,2024-09-27,False,0,21,23,3,45.0,2024-09-27T17:30:00+00:00,2024-09-27T18:00:00+00:00,315.0,330.0,1,S7_HighLiqGrab,0.9883610367774962,sweep_high,1,-1,0.3258615870694428,0.8933718006275362,0.7864270407374665,0,0,none,"[-1.0, -0.41575807332992554, -1.0, -0.7864729166030884, -0.3346417546272278, -0.9741356372833252, 1.0, 1.0]"
short,5734.61,5734.46,5734.46,0.0749999999998181,0.5,sl_hit,2024-09-27,False,0,27,29,3,45.0,2024-09-27T19:00:00+00:00,2024-09-27T19:30:00+00:00,405.0,420.0,1,S7_HighLiqGrab,0.9883610367774962,sweep_high,1,-1,0.3258615870694428,0.8933718006275362,0.7864270407374665,0,0,none,"[-1.0, -0.41575807332992554, -1.0, -0.7864729166030884, -0.3346417546272278, -0.9741356372833252, 1.0, 1.0]"
short,5699.35,5699.200000000001,5699.200000000001,0.0749999999998181,0.5,sl_hit,2024-09-30,True,1,0,4,5,75.0,2024-09-30T12:15:00+00:00,2024-09-30T13:15:00+00:00,0.0,15.0,1,S3S4_Continuation,0.8897372543811799,continuation,1,-1,0.12882539732804127,0.7976002973364226,0.7698772391235897,0,0,none,"[-0.1096208393573761, 1.0, 1.0, 1.0, 1.0, -1.0, 0.684963583946228, 1.0]"
long,5683.68,31091.482285714286,31091.482285714286,25407.802285714286,1.0,sl_hit,2024-09-30,False,0,21,22,2,30.0,2024-09-30T17:30:00+00:00,2024-09-30T17:45:00+00:00,315.0,330.0,0,S3S4_Continuation,0.8897372543811799,continuation,1,-1,0.12882539732804127,0.7976002973364226,0.7698772391235897,0,1,low,"[-0.1096208393573761, 1.0, 1.0, 1.0, 1.0, -1.0, 0.684963583946228, 1.0]"
long,5680.83,31091.482285714286,31091.482285714286,25410.652285714285,1.0,sl_hit,2024-09-30,False,0,23,24,2,30.0,2024-09-30T18:00:00+00:00,2024-09-30T18:15:00+00:00,345.0,360.0,0,S3S4_Continuation,0.8897372543811799,continuation,1,-1,0.12882539732804127,0.7976002973364226,0.7698772391235897,0,1,low,"[-0.1096208393573761, 1.0, 1.0, 1.0, 1.0, -1.0, 0.684963583946228, 1.0]"
long,5674.7,31091.482285714286,31091.482285714286,25416.782285714286,1.0,sl_hit,2024-10-01,True,1,0,1,2,30.0,2024-10-01T12:15:00+00:00,2024-10-01T12:30:00+00:00,0.0,15.0,1,S1_BullContinuation,0.587850983440876,continuation,1,1,-0.3799728896813773,0.5064963011573634,0.6924591640656268,0,0,none,"[0.32666125893592834, 1.0, -1.0, 1.0, 1.0, 0.19061198830604553, -1.0, 0.7603779435157776]"
long,5617.83,31091.482285714286,31091.482285714286,25473.652285714285,1.0,sl_hit,2024-10-02,True,1,0,1,2,30.0,2024-10-02T12:15:00+00:00,2024-10-02T12:30:00+00:00,0.0,15.0,1,S1_BullContinuation,0.9518475770950318,continuation,1,1,-0.4893248961501448,0.8439111893884995,0.7480073016733619,0,0,none,"[-1.0, 1.0, -1.0, 1.0, 1.0, 1.0, -1.0, 0.7592378854751587]"
short,5582.37,5582.22,5582.22,0.0749999999998181,0.5,sl_hit,2024-10-03,True,1,0,3,4,60.0,2024-10-03T12:15:00+00:00,2024-10-03T13:00:00+00:00,0.0,15.0,1,S7_HighLiqGrab,0.8,sweep_high,1,-1,0.17349015866216103,0.5551558060844924,0.3198772391235897,0,0,none,"[0.23351070284843445, 1.0, 1.0, 1.0, 1.0, -1.0, 1.0, -0.6012977957725525]"
long,5570.16,31091.482285714286,31091.482285714286,25521.322285714286,1.0,sl_hit,2024-10-03,False,0,28,29,2,30.0,2024-10-03T19:15:00+00:00,2024-10-03T19:30:00+00:00,420.0,435.0,0,S7_HighLiqGrab,0.8,sweep_high,1,-1,0.17349015866216103,0.5551558060844924,0.3198772391235897,0,1,low,"[0.23351070284843445, 1.0, 1.0, 1.0, 1.0, -1.0, 1.0, -0.6012977957725525]"
long,5583.27,31091.482285714286,31091.482285714286,25508.212285714286,1.0,sl_hit,2024-10-03,False,0,30,31,2,30.0,2024-10-03T19:45:00+00:00,2024-10-03T20:00:00+00:00,450.0,465.0,0,S7_HighLiqGrab,0.8,sweep_high,1,-1,0.17349015866216103,0.5551558060844924,0.3198772391235897,0,1,low,"[0.23351070284843445, 1.0, 1.0, 1.0, 1.0, -1.0, 1.0, -0.6012977957725525]"
long,5574.59,31091.482285714286,31091.482285714286,25516.892285714286,1.0,sl_hit,2024-10-07,True,1,0,1,2,30.0,2024-10-07T12:15:00+00:00,2024-10-07T12:30:00+00:00,0.0,15.0,1,S8_LowLiqGrab,0.8,sweep_low,1,1,0.23799172977016642,0.5650496018249015,0.3473600050691705,0,0,none,"[-1.0, 1.0, -0.7497886419296265, 1.0, 0.24427682161331177, 1.0, 1.0, -1.0]"
long,5527.58,31091.482285714286,31091.482285714286,25563.902285714285,1.0,sl_hit,2024-10-08,True,1,0,1,2,30.0,2024-10-08T12:15:00+00:00,2024-10-08T12:30:00+00:00,0.0,15.0,1,S3S4_Continuation,0.8,continuation,1,1,0.08109661899562848,0.5650496018249015,0.3473600050691705,0,0,none,"[-1.0, 1.0, 1.0, 1.0, -1.0, 1.0, 1.0, -1.0]"
short,5556.08,5555.93,5555.93,0.0749999999998181,0.5,sl_hit,2024-10-08,False,0,18,20,3,45.0,2024-10-08T16:45:00+00:00,2024-10-08T17:15:00+00:00,270.0,285.0,0,S3S4_Continuation,0.8,continuation,1,1,0.08109661899562848,0.5650496018249015,0.3473600050691705,0,0,none,"[-1.0, 1.0, 1.0, 1.0, -1.0, 1.0, 1.0, -1.0]"
short,5545.98,5545.83,5545.83,0.0749999999998181,0.5,sl_hit,2024-10-08,False,0,23,28,6,90.0,2024-10-08T18:00:00+00:00,2024-10-08T19:15:00+00:00,345.0,360.0,0,S3S4_Continuation,0.8,continuation,1,1,0.08109661899562848,0.5650496018249015,0.3473600050691705,1,0,high,"[-1.0, 1.0, 1.0, 1.0, -1.0, 1.0, 1.0, -1.0]"
long,5494.65,31091.482285714286,31091.482285714286,25596.832285714285,1.0,sl_hit,2024-10-09,True,1,0,1,2,30.0,2024-10-09T12:15:00+00:00,2024-10-09T12:30:00+00:00,0.0,15.0,1,S1_BullContinuation,1.0,continuation,1,1,-0.6141907769420598,0.9353576139442933,0.8563502532095405,0,0,none,"[1.0, -0.8739429116249084, 0.17988111078739166, 0.5444580316543579, 1.0, 1.0, -1.0, 1.0]"
long,5573.63,31091.482285714286,31091.482285714286,25517.852285714285,1.0,sl_hit,2024-10-11,True,1,0,1,2,30.0,2024-10-11T12:15:00+00:00,2024-10-11T12:30:00+00:00,0.0,15.0,1,S8_LowLiqGrab,1.0,sweep_low,1,1,0.3259496802269005,0.8727142902498886,0.7171428672219744,0,0,none,"[-1.0, 1.0, -1.0, 0.9829906225204468, -0.3808865547180176, 1.0, 1.0, 1.0]"
short,5592.42,5592.27,5592.27,0.0749999999998181,0.5,sl_hit,2024-10-11,False,0,18,22,5,75.0,2024-10-11T16:45:00+00:00,2024-10-11T17:45:00+00:00,270.0,285.0,0,S8_LowLiqGrab,1.0,sweep_low,1,1,0.3259496802269005,0.8727142902498886,0.7171428672219744,0,0,none,"[-1.0, 1.0, -1.0, 0.9829906225204468, -0.3808865547180176, 1.0, 1.0, 1.0]"
long,5566.97,31091.482285714286,31091.482285714286,25524.512285714285,1.0,sl_hit,2024-10-14,True,1,0,1,2,30.0,2024-10-14T12:15:00+00:00,2024-10-14T12:30:00+00:00,0.0,15.0,1,S8_LowLiqGrab,0.8248052045702935,sweep_low,1,1,0.2378582582745532,0.6032850206348223,0.4031717153523307,0,0,none,"[-1.0, 1.0, -1.0, 1.0, -1.0, 1.0, 1.0, 0.12402602285146713]"
long,5520.48,31091.482285714286,31091.482285714286,25571.002285714287,1.0,sl_hit,2024-10-15,True,1,0,1,2,30.0,2024-10-15T12:15:00+00:00,2024-10-15T12:30:00+00:00,0.0,15.0,1,S1_BullContinuation,1.0,continuation,1,1,-0.5539635590536023,0.9353576139442933,0.8563502532095405,0,0,none,"[0.8298369646072388, 0.4273185729980469, -1.0, 1.0, 1.0, 1.0, -1.0, 1.0]"
long,5519.65,31091.482285714286,31091.482285714286,25571.832285714285,1.0,sl_hit,2024-10-16,True,1,0,1,2,30.0,2024-10-16T12:15:00+00:00,2024-10-16T12:30:00+00:00,0.0,15.0,1,S1_BullContinuation,0.7740030765533448,continuation,1,1,-0.34501451359855523,0.5226983199091775,0.2784847610016867,0,0,none,"[0.6384800672531128, 1.0, -1.0, 1.0, 1.0, 1.0, -0.9257230758666992, -0.7041821479797363]"
long,5504.25,31091.482285714286,31091.482285714286,25587.232285714286,1.0,sl_hit,2024-10-17,True,1,0,1,2,30.0,2024-10-17T12:15:00+00:00,2024-10-17T12:30:00+00:00,0.0,15.0,1,S8_LowLiqGrab,0.9165893197059631,sweep_low,1,1,0.2919068682882477,0.7555983694707128,0.6096859744075875,0,0,none,"[-1.0, 1.0, -1.0, 1.0, -1.0, 1.0, 1.0, 0.5829465985298157]"
long,5499.63,31091.482285714286,31091.482285714286,25591.852285714285,1.0,sl_hit,2024-10-17,False,0,23,24,2,30.0,2024-10-17T18:00:00+00:00,2024-10-17T18:15:00+00:00,345.0,360.0,1,S8_LowLiqGrab,0.9165893197059631,sweep_low,1,1,0.2919068682882477,0.7555983694707128,0.6096859744075875,0,1,low,"[-1.0, 1.0, -1.0, 1.0, -1.0, 1.0, 1.0, 0.5829465985298157]"
long,5455.77,31091.482285714286,31091.482285714286,25635.712285714286,1.0,sl_hit,2024-10-18,True,1,0,1,2,30.0,2024-10-18T12:15:00+00:00,2024-10-18T12:30:00+00:00,0.0,15.0,1,S3S4_Continuation,0.8,continuation,1,1,0.13193176928637215,0.5650496018249015,0.3473600050691705,0,0,none,"[-1.0, 1.0, 1.0, 1.0, -0.15995657444000244, 1.0, 1.0, -1.0]"
short,5476.29,5476.14,5476.14,0.0749999999998181,0.5,sl_hit,2024-10-18,True,0,2,6,5,75.0,2024-10-18T12:45:00+00:00,2024-10-18T13:45:00+00:00,30.0,45.0,0,S3S4_Continuation,0.8,continuation,1,1,0.13193176928637215,0.5650496018249015,0.3473600050691705,0,0,none,"[-1.0, 1.0, 1.0, 1.0, -0.15995657444000244, 1.0, 1.0, -1.0]"
short,5456.8,5456.650000000001,5456.650000000001,0.0749999999998181,0.5,sl_hit,2024-10-18,False,0,20,28,9,135.0,2024-10-18T17:15:00+00:00,2024-10-18T19:15:00+00:00,300.0,315.0,0,S3S4_Continuation,0.8,continuation,1,1,0.13193176928637215,0.5650496018249015,0.3473600050691705,0,0,none,"[-1.0, 1.0, 1.0, 1.0, -0.15995657444000244, 1.0, 1.0, -1.0]"
long,5399.22,31091.482285714286,31091.482285714286,25692.262285714285,1.0,sl_hit,2024-10-21,True,1,0,1,2,30.0,2024-10-21T12:15:00+00:00,2024-10-21T12:30:00+00:00,0.0,15.0,1,S8_LowLiqGrab,0.7653827667236328,sweep_low,1,1,0.20064749409223537,0.6044029425118642,0.5326090967214177,0,0,none,"[-0.9418461322784424, 1.0, 0.9848777055740356, 1.0, 1.0, 0.7129672765731812, 1.0, 0.47273746132850647]"
short,5396.47,5396.320000000001,5396.320000000001,0.0749999999998181,0.5,sl_hit,2024-10-21,False,0,14,22,9,135.0,2024-10-21T15:45:00+00:00,2024-10-21T17:45:00+00:00,210.0,225.0,0,S8_LowLiqGrab,0.7653827667236328,sweep_low,1,1,0.20064749409223537,0.6044029425118642,0.5326090967214177,0,0,none,"[-0.9418461322784424, 1.0, 0.9848777055740356, 1.0, 1.0, 0.7129672765731812, 1.0, 0.47273746132850647]"
long,5383.47,31091.482285714286,31091.482285714286,25708.012285714285,1.0,sl_hit,2024-10-22,True,1,0,1,2,30.0,2024-10-22T12:15:00+00:00,2024-10-22T12:30:00+00:00,0.0,15.0,1,S3S4_Continuation,0.5153530061244964,continuation,1,1,-0.03401633561996226,0.3646792942435498,0.3502890894835269,0,0,none,"[1.0, 1.0, -1.0, 1.0, -0.520937442779541, 1.0, 0.18672287464141846, -0.1036703959107399]"
long,5361.43,31091.482285714286,31091.482285714286,25730.052285714286,1.0,sl_hit,2024-10-23,True,1,0,1,2,30.0,2024-10-23T12:15:00+00:00,2024-10-23T12:30:00+00:00,0.0,15.0,1,S1_BullContinuation,0.7448420494794845,continuation,1,1,-0.34483885235186884,0.5458631671469123,0.4063502532095405,0,0,none,"[-1.0, 1.0, -1.0, 1.0, 1.0, 1.0, -0.8424058556556702, -0.04523322731256485]"
long,5404.19,31091.482285714286,31091.482285714286,25687.292285714288,1.0,sl_hit,2024-10-24,True,1,0,1,2,30.0,2024-10-24T12:15:00+00:00,2024-10-24T12:30:00+00:00,0.0,15.0,1,S8_LowLiqGrab,0.7874582171440125,sweep_low,1,1,0.21127312014903277,0.7125713373486726,0.7886677860348567,0,0,none,"[-1.0, 0.3684595227241516, -0.5249837636947632, 1.0, -0.9039193391799927, 0.5276849269866943, 1.0, 1.0]"
long,5522.25,31091.482285714286,31091.482285714286,25569.232285714286,1.0,sl_hit,2024-10-25,True,1,0,1,2,30.0,2024-10-25T12:15:00+00:00,2024-10-25T12:30:00+00:00,0.0,15.0,1,S1_BullContinuation,1.0,continuation,1,1,-0.4685792325656553,0.9101300902675871,0.8002890894835268,0,0,none,"[1.0, -0.5028532147407532, -1.0, -1.0, -0.6270712614059448, 1.0, -1.0, 1.0]"
long,5455.29,31091.482285714286,31091.482285714286,25636.192285714285,1.0,sl_hit,2024-10-28,True,1,0,1,2,30.0,2024-10-28T12:15:00+00:00,2024-10-28T12:30:00+00:00,0.0,15.0,1,S8_LowLiqGrab,0.8161815866827965,sweep_low,1,1,0.2590041767819482,0.5898510527223956,0.38376857510546253,0,0,none,"[0.17065304517745972, 1.0, -0.36224693059921265, 1.0, 0.21540117263793945, 1.0, 1.0, 0.08090793341398239]"
long,5507.04,31091.482285714286,31091.482285714286,25584.442285714285,1.0,sl_hit,2024-10-29,True,1,0,1,2,30.0,2024-10-29T12:15:00+00:00,2024-10-29T12:30:00+00:00,0.0,15.0,1,S1_BullContinuation,0.8527024596929549,continuation,1,1,-0.3928764930490726,0.7975817381028322,0.8563502532095405,0,0,none,"[-0.6416906118392944, 1.0, -1.0, 1.0, 1.0, 0.7892286777496338, -0.8501415848731995, 1.0]"
long,5490.61,31091.482285714286,31091.482285714286,25600.872285714286,1.0,sl_hit,2024-10-30,True,1,0,1,2,30.0,2024-10-30T12:15:00+00:00,2024-10-30T12:30:00+00:00,0.0,15.0,1,S1_BullContinuation,0.7309877261519433,continuation,1,1,-0.43260347882414346,0.6652939251871663,0.8002890894835268,0,0,none,"[1.0, 0.9727533459663391, -1.0, 1.0, 1.0, 0.40219494700431824, -1.0, 1.0]"
long,5445.59,31091.482285714286,31091.482285714286,25645.892285714286,1.0,sl_hit,2024-10-31,True,1,0,1,2,30.0,2024-10-31T12:15:00+00:00,2024-10-31T12:30:00+00:00,0.0,15.0,1,S3S4_Continuation,0.4625761481001973,continuation,1,1,-0.09202476364548409,0.30765121278679264,0.2557384650208658,0,0,none,"[1.0, 1.0, 0.4609444737434387, 1.0, 0.6184543371200562, 1.0, -0.03593185171484947, -0.33669689297676086]"
short,5448.19,5474.89,31248.777714285716,-26.700000000000728,-0.0010348601472057557,time_exit,2024-10-31,False,0,22,35,14,210.0,2024-10-31T17:45:00+00:00,2024-10-31T20:45:00+00:00,330.0,345.0,0,S3S4_Continuation,0.4625761481001973,continuation,1,1,-0.09202476364548409,0.30765121278679264,0.2557384650208658,1,0,high,"[1.0, 1.0, 0.4609444737434387, 1.0, 0.6184543371200562, 1.0, -0.03593185171484947, -0.33669689297676086]"
short,5446.88,5446.7300000000005,5446.7300000000005,0.0749999999998181,0.5,sl_hit,2024-11-04,True,1,0,2,3,45.0,2024-11-04T12:15:00+00:00,2024-11-04T12:45:00+00:00,0.0,15.0,1,S2_BearContinuation,1.0,continuation,1,-1,-0.4734380171050884,0.9038921683318599,0.7864270407374665,0,0,none,"[1.0, -1.0, 0.0029305368661880493, 1.0, 1.0, -1.0, -1.0, 1.0]"
long,5463.19,31091.482285714286,31091.482285714286,25628.292285714288,1.0,sl_hit,2024-11-05,True,1,0,1,2,30.0,2024-11-05T12:15:00+00:00,2024-11-05T12:30:00+00:00,0.0,15.0,1,S8_LowLiqGrab,0.9245537400245667,sweep_low,1,1,0.29150751377272205,0.7362452126693776,0.5473887822772494,0,0,none,"[-1.0, 1.0, -1.0, 1.0, -0.2739236354827881, 1.0, 1.0, 0.6227687001228333]"
long,5339.09,31091.482285714286,31091.482285714286,25752.392285714286,1.0,sl_hit,2024-11-06,True,1,0,1,2,30.0,2024-11-06T12:15:00+00:00,2024-11-06T12:30:00+00:00,0.0,15.0,1,S8_LowLiqGrab,0.9841668605804443,sweep_low,1,1,0.3250022102018389,0.8786454233882217,0.7617354413751702,0,0,none,"[-1.0, 1.0, -0.31249696016311646, 1.0, -1.0, 1.0, 1.0, 0.9208343029022217]"
short,5370.6,5370.450000000001,5370.450000000001,0.0749999999998181,0.5,sl_hit,2024-11-08,True,1,0,2,3,45.0,2024-11-08T12:15:00+00:00,2024-11-08T12:45:00+00:00,0.0,15.0,1,S7_HighLiqGrab,0.9068089008331299,sweep_high,1,-1,0.2760406109572463,0.8196574636366883,0.7864270407374665,0,0,none,"[-0.3202398121356964, 0.2946445345878601, 0.06901486217975616, 0.45785918831825256, 0.9661374092102051, -0.7929086685180664, 1.0, 1.0]"
long,5377.2,31091.482285714286,31091.482285714286,25714.282285714286,1.0,sl_hit,2024-11-11,True,1,0,1,2,30.0,2024-11-11T12:15:00+00:00,2024-11-11T12:30:00+00:00,0.0,15.0,1,S1_BullContinuation,1.0,continuation,1,1,-0.645933530617914,0.9353576139442933,0.8563502532095405,0,0,none,"[1.0, -0.41655951738357544, -1.0, 1.0, 1.0, 1.0, -1.0, 1.0]"
short,5332.53,5332.38,5332.38,0.0749999999998181,0.5,sl_hit,2024-11-12,True,1,0,4,5,75.0,2024-11-12T12:15:00+00:00,2024-11-12T13:15:00+00:00,0.0,15.0,1,S7_HighLiqGrab,1.0,sweep_high,1,-1,0.2615464024909395,0.8727142902498886,0.7171428672219744,0,0,none,"[-1.0, 0.9361925721168518, -1.0, -1.0, 1.0, -1.0, 1.0, 1.0]"
long,5383.14,31091.482285714286,31091.482285714286,25708.342285714287,1.0,sl_hit,2024-11-14,True,1,0,1,2,30.0,2024-11-14T12:15:00+00:00,2024-11-14T12:30:00+00:00,0.0,15.0,1,S8_LowLiqGrab,1.0,sweep_low,1,1,0.3277740477352122,0.9049005037156855,0.7886677860348567,0,0,none,"[-1.0, 1.0, -1.0, 1.0, -0.8931131362915039, 1.0, 1.0, 1.0]"
long,5414.72,31091.482285714286,31091.482285714286,25676.762285714285,1.0,sl_hit,2024-11-15,True,1,0,1,2,30.0,2024-11-15T12:15:00+00:00,2024-11-15T12:30:00+00:00,0.0,15.0,1,S8_LowLiqGrab,0.8877076894044875,sweep_low,1,1,0.16715275470800195,0.7747151861080058,0.7171428672219744,0,0,none,"[-1.0, 1.0, -1.0, 1.0, -0.3179340362548828, 1.0, 0.6791648268699646, 1.0]"
long,5482.88,31091.482285714286,31091.482285714286,25608.602285714285,1.0,sl_hit,2024-11-18,True,1,0,1,2,30.0,2024-11-18T12:15:00+00:00,2024-11-18T12:30:00+00:00,0.0,15.0,1,S1_BullContinuation,0.6805176585912704,continuation,1,1,-0.44494835068040695,0.6365273733868879,0.8563502532095405,0,0,none,"[1.0, -0.9379834532737732, -1.0, 1.0, 1.0, -0.2900392413139343, -1.0, 1.0]"
long,5562.95,31091.482285714286,31091.482285714286,25528.532285714286,1.0,sl_hit,2024-11-19,True,1,0,1,2,30.0,2024-11-19T12:15:00+00:00,2024-11-19T12:30:00+00:00,0.0,15.0,1,S8_LowLiqGrab,0.8772837340831756,sweep_low,1,1,0.17024335542317692,0.7656180513381706,0.7171428672219744,0,0,none,"[-1.0, 1.0, -1.0, 0.11130771040916443, 1.0, -0.7272971868515015, 1.0, 1.0]"
short,5540.01,5539.860000000001,5539.860000000001,0.0749999999998181,0.5,sl_hit,2024-11-20,True,1,0,2,3,45.0,2024-11-20T12:15:00+00:00,2024-11-20T12:45:00+00:00,0.0,15.0,1,S2_BearContinuation,0.8465939104557036,continuation,1,-1,-0.2765970876179591,0.7652296054183544,0.7864270407374665,0,0,none,"[1.0, -0.9198206067085266, -1.0, 1.0, 1.0, -1.0, -0.5616968870162964, 1.0]"
long,5500.27,31091.482285714286,31091.482285714286,25591.212285714286,1.0,sl_hit,2024-11-21,True,1,0,1,2,30.0,2024-11-21T12:15:00+00:00,2024-11-21T12:30:00+00:00,0.0,15.0,1,S1_BullContinuation,0.8323169827461243,continuation,1,1,-0.4955838212885034,0.7575167306379759,0.8002890894835268,0,0,none,"[1.0, 0.728062629699707, -1.0, 1.0, 1.0, -0.627371072769165, -1.0, 1.0]"
long,5546.51,31091.482285714286,31091.482285714286,25544.972285714284,1.0,sl_hit,2024-11-22,True,1,0,1,2,30.0,2024-11-22T12:15:00+00:00,2024-11-22T12:30:00+00:00,0.0,15.0,1,S8_LowLiqGrab,0.7864107608795166,sweep_low,1,1,0.1889912554425793,0.7355752928763808,0.8563502532095405,0,0,none,"[0.8149054050445557, -1.0, -1.0, -0.1731412708759308, 1.0, 0.5253572463989258, 1.0, 1.0]"
long,5463.88,31091.482285714286,31091.482285714286,25627.602285714285,1.0,sl_hit,2024-11-25,True,1,0,1,2,30.0,2024-11-25T12:15:00+00:00,2024-11-25T12:30:00+00:00,0.0,15.0,1,S1_BullContinuation,1.0,continuation,1,1,-0.49642383636145365,0.9101300902675871,0.8002890894835268,0,0,none,"[0.7180385589599609, 1.0, -1.0, 1.0, 1.0, 1.0, -1.0, 1.0]"
short,5461.6,5461.450000000001,5461.450000000001,0.0749999999998181,0.5,sl_hit,2024-11-26,True,1,0,2,3,45.0,2024-11-26T12:15:00+00:00,2024-11-26T12:45:00+00:00,0.0,15.0,1,S2_BearContinuation,0.6727123692631721,continuation,1,-1,-0.42533339432378414,0.5731517595143907,0.67111382286003,0,0,none,"[0.917998194694519, 1.0, -1.0, 1.0, 1.0, -0.4002746641635895, -1.0, 0.7129438519477844]"
short,5467.4,5467.25,5467.25,0.0749999999998181,0.5,sl_hit,2024-11-27,True,1,0,3,4,60.0,2024-11-27T12:15:00+00:00,2024-11-27T13:00:00+00:00,0.0,15.0,1,S2_BearContinuation,0.7486281722784043,continuation,1,-1,-0.40060351943249484,0.6813490260126028,0.8002890894835268,0,0,none,"[-0.495572030544281, 0.8013126850128174, -1.0, 1.0, 1.0, -0.44139593839645386, -1.0, 1.0]"
short,5526.44,5526.29,5526.29,0.0749999999998181,0.5,sl_hit,2024-11-28,True,1,0,2,3,45.0,2024-11-28T12:15:00+00:00,2024-11-28T12:45:00+00:00,0.0,15.0,1,S7_HighLiqGrab,0.7902665436267853,sweep_high,1,-1,0.2049862285339038,0.6896769057294825,0.7171428672219744,0,0,none,"[-1.0, 0.6213105916976929, -1.0, 1.0, 0.0846555307507515, -0.5339256525039673, 1.0, 1.0]"
long,5535.73,31091.482285714286,31091.482285714286,25555.752285714287,1.0,sl_hit,2024-11-29,True,1,0,1,2,30.0,2024-11-29T12:15:00+00:00,2024-11-29T12:30:00+00:00,0.0,15.0,1,S1_BullContinuation,0.9681544005870819,continuation,1,1,-0.6590529181478928,0.9055705900628004,0.8563502532095405,0,0,none,"[1.0, -1.0, -1.0, 0.6921906471252441, 1.0, 0.9292320013046265, -1.0, 1.0]"
short,5560.81,5560.660000000001,5560.660000000001,0.0749999999998181,0.5,sl_hit,2024-12-02,True,1,0,10,11,165.0,2024-12-02T12:15:00+00:00,2024-12-02T14:45:00+00:00,0.0,15.0,1,S3S4_Continuation,1.0,continuation,1,-1,0.14584575479202955,0.9049005037156855,0.7886677860348567,0,0,none,"[-1.0, 1.0, 0.407198429107666, 1.0, -1.0, -1.0, 1.0, 1.0]"
short,5495.59,5495.4400000000005,5495.4400000000005,0.0749999999998181,0.5,sl_hit,2024-12-03,True,1,0,14,15,225.0,2024-12-03T12:15:00+00:00,2024-12-03T15:45:00+00:00,0.0,15.0,1,S3S4_Continuation,0.8,continuation,1,-1,0.1473627876096891,0.5650496018249015,0.3473600050691705,0,0,none,"[-0.3538511097431183, 1.0, 1.0, 1.0, -0.1985599398612976, 1.0, 1.0, -0.9673536419868469]"
long,5492.82,31091.482285714286,31091.482285714286,25598.662285714287,1.0,sl_hit,2024-12-04,True,1,0,1,2,30.0,2024-12-04T12:15:00+00:00,2024-12-04T12:30:00+00:00,0.0,15.0,1,S3S4_Continuation,0.6163769170641898,continuation,1,1,0.029797999978612502,0.44625444638091044,0.3866578640673499,0,0,none,"[1.0, 0.8477433919906616, 0.7846986055374146, 0.8021847009658813, -1.0, 1.0, 0.4254605770111084, 0.08732857555150986]"
short,5491.52,5491.370000000001,5491.370000000001,0.0749999999998181,0.5,sl_hit,2024-12-04,False,0,13,21,9,135.0,2024-12-04T15:30:00+00:00,2024-12-04T17:30:00+00:00,195.0,210.0,0,S3S4_Continuation,0.6163769170641898,continuation,1,1,0.029797999978612502,0.44625444638091044,0.3866578640673499,0,0,none,"[1.0, 0.8477433919906616, 0.7846986055374146, 0.8021847009658813, -1.0, 1.0, 0.4254605770111084, 0.08732857555150986]"
long,5496.29,31091.482285714286,31091.482285714286,25595.192285714285,1.0,sl_hit,2024-12-05,True,1,0,1,2,30.0,2024-12-05T12:15:00+00:00,2024-12-05T12:30:00+00:00,0.0,15.0,1,S8_LowLiqGrab,0.8565061986446381,sweep_low,1,1,0.21492110566605072,0.6539634913993808,0.4744989520196061,0,0,none,"[-1.0, 1.0, 0.19382144510746002, 1.0, -1.0, 1.0, 1.0, 0.2825309932231903]"
long,5551.76,31091.482285714286,31091.482285714286,25539.722285714284,1.0,sl_hit,2024-12-09,True,1,0,1,2,30.0,2024-12-09T12:15:00+00:00,2024-12-09T12:30:00+00:00,0.0,15.0,1,S3S4_Continuation,0.5942600786685943,continuation,1,1,-0.059741973125801116,0.481659423723596,0.5789323788732978,0,0,none,"[1.0, 0.5814085602760315, -0.7032937407493591, 0.8916677236557007, 1.0, 1.0, 0.19301974773406982, 0.3835158348083496]"
long,5537.01,31091.482285714286,31091.482285714286,25554.472285714284,1.0,sl_hit,2024-12-10,True,1,0,1,2,30.0,2024-12-10T12:15:00+00:00,2024-12-10T12:30:00+00:00,0.0,15.0,1,S8_LowLiqGrab,0.9688245534896851,sweep_low,1,1,0.2833028996046977,0.8149259503046534,0.6469981125737658,0,0,none,"[-1.0, 1.0, -1.0, 1.0, 0.768569827079773, 1.0, 1.0, 0.8441227674484253]"
short,5534.8,5528.699642857143,5528.699642857143,1.220071428571464,0.2,sl_hit,2024-12-10,False,0,26,32,7,105.0,2024-12-10T18:45:00+00:00,2024-12-10T20:15:00+00:00,390.0,405.0,0,S8_LowLiqGrab,0.9688245534896851,sweep_low,1,1,0.2833028996046977,0.8149259503046534,0.6469981125737658,0,1,low,"[-1.0, 1.0, -1.0, 1.0, 0.768569827079773, 1.0, 1.0, 0.8441227674484253]"
long,5481.11,31091.482285714286,31091.482285714286,25610.372285714286,1.0,sl_hit,2024-12-12,True,1,0,1,2,30.0,2024-12-12T12:15:00+00:00,2024-12-12T12:30:00+00:00,0.0,15.0,1,S1_BullContinuation,0.6949107825756073,continuation,1,1,-0.16845609013381402,0.6499900914940817,0.8563502532095405,0,0,none,"[1.0, 0.2729196548461914, -0.5716724395751953, 0.48573657870292664, 1.0, 1.0, -0.12831652164459229, 1.0]"
long,5525.83,31091.482285714286,31091.482285714286,25565.652285714285,1.0,sl_hit,2024-12-13,True,1,0,1,2,30.0,2024-12-13T12:15:00+00:00,2024-12-13T12:30:00+00:00,0.0,15.0,1,S1_BullContinuation,1.0,continuation,1,1,-0.6111836596189076,0.9353576139442933,0.8563502532095405,0,0,none,"[1.0, -1.0, -1.0, 1.0, 1.0, 0.05158624053001404, -1.0, 1.0]"
short,5379.18,5407.62,31248.777714285716,-28.4399999999996,-0.0010993599635410818,time_exit,2024-12-16,True,1,0,35,36,540.0,2024-12-16T12:15:00+00:00,2024-12-16T20:45:00+00:00,0.0,15.0,1,S2_BearContinuation,0.9782754957675934,continuation,1,-1,-0.47326084777408184,0.8903579652695283,0.8002890894835268,0,0,none,"[-1.0, 1.0, -1.0, -1.0, 1.0, -1.0, -0.9379299879074097, 1.0]"
short,5462.99,5462.84,5462.84,0.0749999999998181,0.5,sl_hit,2024-12-17,True,1,0,2,3,45.0,2024-12-17T12:15:00+00:00,2024-12-17T12:45:00+00:00,0.0,15.0,1,S7_HighLiqGrab,1.0,sweep_high,1,-1,0.24610088327047022,0.8727142902498886,0.7171428672219744,0,0,none,"[-1.0, 1.0, -1.0, 1.0, 0.8378475904464722, -1.0, 1.0, 1.0]"
short,5532.32,5532.17,5532.17,0.0749999999998181,0.5,sl_hit,2024-12-19,True,1,0,2,3,45.0,2024-12-19T12:15:00+00:00,2024-12-19T12:45:00+00:00,0.0,15.0,1,S3S4_Continuation,0.7268074870109558,continuation,1,-1,0.033686738602203475,0.4871167640553528,0.2671428672219744,0,0,none,"[-0.14790993928909302, 1.0, -1.0, 1.0, 1.0, -1.0, 0.7908785343170166, -0.08761755377054214]"
long,5533.13,31091.482285714286,31091.482285714286,25558.352285714285,1.0,sl_hit,2024-12-20,True,1,0,1,2,30.0,2024-12-20T12:15:00+00:00,2024-12-20T12:30:00+00:00,0.0,15.0,1,S1_BullContinuation,0.8700393736362457,continuation,1,1,-0.41830500983099217,0.8137979525619863,0.8563502532095405,0,0,none,"[1.0, -1.0, -1.0, 1.0, 1.0, -0.056545525789260864, -0.6286839246749878, 1.0]"
short,5515.72,5519.86,31248.777714285716,-4.139999999999418,-0.00016088255216173148,time_exit,2024-12-20,False,0,22,35,14,210.0,2024-12-20T17:45:00+00:00,2024-12-20T20:45:00+00:00,330.0,345.0,0,S1_BullContinuation,0.8700393736362457,continuation,1,1,-0.41830500983099217,0.8137979525619863,0.8563502532095405,1,0,high,"[1.0, -1.0, -1.0, 1.0, 1.0, -0.056545525789260864, -0.6286839246749878, 1.0]"
long,5520.58,31091.482285714286,31091.482285714286,25570.902285714285,1.0,sl_hit,2024-12-23,True,1,0,1,2,30.0,2024-12-23T12:15:00+00:00,2024-12-23T12:30:00+00:00,0.0,15.0,1,S1_BullContinuation,1.0,continuation,1,1,-0.5830149283017328,0.9353576139442933,0.8563502532095405,0,0,none,"[-1.0, -0.13972440361976624, -1.0, 1.0, 1.0, 1.0, -1.0, 1.0]"
long,5583.4,31091.482285714286,31091.482285714286,25508.082285714285,1.0,sl_hit,2024-12-24,True,1,0,1,2,30.0,2024-12-24T12:15:00+00:00,2024-12-24T12:30:00+00:00,0.0,15.0,1,S1_BullContinuation,0.9952093601226806,continuation,1,1,-0.6568729570154483,0.9308766524593775,0.8563502532095405,0,0,none,"[1.0, -0.5732079148292542, -1.0, 1.0, 1.0, 0.989354133605957, -1.0, 1.0]"
short,5655.07,5654.92,5654.92,0.0749999999998181,0.5,sl_hit,2024-12-25,True,1,0,2,3,45.0,2024-12-25T12:15:00+00:00,2024-12-25T12:45:00+00:00,0.0,15.0,1,S7_HighLiqGrab,0.8,sweep_high,1,-1,0.2565126396988108,0.5361714321999108,0.2671428672219744,0,0,none,"[1.0, 0.3032413721084595, -1.0, 1.0, -1.0, -1.0, 1.0, -0.31402793526649475]"
long,5632.06,31091.482285714286,31091.482285714286,25459.422285714285,1.0,sl_hit,2024-12-26,True,1,0,1,2,30.0,2024-12-26T12:15:00+00:00,2024-12-26T12:30:00+00:00,0.0,15.0,1,S1_BullContinuation,0.6926407739520073,continuation,1,1,-0.3794198209645385,0.6303932101199518,0.8002890894835268,0,0,none,"[1.0, 1.0, -1.0, 0.41094693541526794, -1.0, 0.3169794976711273, -1.0, 1.0]"
short,5670.13,5669.9800000000005,5669.9800000000005,0.0749999999998181,0.5,sl_hit,2024-12-27,True,1,0,3,4,60.0,2024-12-27T12:15:00+00:00,2024-12-27T13:00:00+00:00,0.0,15.0,1,S2_BearContinuation,1.0,continuation,1,-1,-0.4923028500758294,0.9101300902675871,0.8002890894835268,0,0,none,"[-0.4994451105594635, 1.0, -1.0, 1.0, 1.0, -1.0, -1.0, 1.0]"
short,5598.95,5598.8,5598.8,0.0749999999998181,0.5,sl_hit,2024-12-30,True,1,0,4,5,75.0,2024-12-30T12:15:00+00:00,2024-12-30T13:15:00+00:00,0.0,15.0,1,S7_HighLiqGrab,0.8402007281780244,sweep_high,1,-1,0.19187485197430904,0.6172517802576293,0.4103288775241443,0,0,none,"[0.2715615928173065, 1.0, 1.0, 1.0, 1.0, -1.0, 1.0, 0.20100364089012146]"
long,5564.85,31091.482285714286,31091.482285714286,25526.632285714288,1.0,sl_hit,2024-12-31,True,1,0,1,2,30.0,2024-12-31T12:15:00+00:00,2024-12-31T12:30:00+00:00,0.0,15.0,1,S1_BullContinuation,0.8097960680723191,continuation,1,1,-0.2465041640765136,0.745486507993109,0.8235233052569069,0,0,none,"[-0.7025021314620972, 1.0, -1.0, 1.0, -1.0, 1.0, -0.4565601944923401, 1.0]"
