date,news_filtered,pnl,trades,sweep_day,sweep_high_day,sweep_low_day,sweep_direction,ny_open_trade_taken,first_trade_pnl,london_bias,opening_scenario_label,opening_scenario_confidence,opening_setup_family,opening_trade_expected,opening_side_bias,first_trade_entry_step,first_trade_entry_time,first_trade_entry_delay_from_anchor_min,first_trade_entry_delay_from_ny_open_min,first_trade_duration_min,first_trade_is_ny_open,first_trade_matches_intent
2022-01-03,False,5.019000000000142,3,1,0,1,low,1,2.222499999999968,1.0,S8_SweepLow,1.0,oracle,1,1,0.0,2022-01-03T12:15:00+00:00,0.0,15.0,90.0,1,0
2022-01-04,False,0.0,0,0,0,0,none,0,,-1.0,S1_BullishDefend,1.0,oracle,1,1,,,,,,0,0
2022-01-05,False,0.0,0,1,0,1,low,0,,1.0,S8_SweepLow,1.0,oracle,1,1,,,,,,0,0
2022-01-06,False,0.0,0,0,0,0,none,0,,-1.0,S2_BearishDefend,1.0,oracle,1,-1,,,,,,0,0
2022-01-07,True,0.0,0,0,0,0,none,0,,,NewsFiltered,0.0,none,0,0,,,,,,0,0
2022-01-10,False,0.0,0,0,0,0,none,0,,1.0,S1_BullishDefend,1.0,oracle,1,1,,,,,,0,0
2022-01-11,False,0.0,0,0,0,0,none,0,,1.0,S1_BullishDefend,1.0,oracle,1,1,,,,,,0,0
2022-01-12,True,0.0,0,0,0,0,none,0,,,NewsFiltered,0.0,none,0,0,,,,,,0,0
2022-01-13,False,7.933499999999981,3,1,1,0,high,1,1.1524999999999181,-1.0,S1_BullishDefend,1.0,oracle,1,1,0.0,2022-01-13T12:15:00+00:00,0.0,15.0,135.0,1,0
2022-01-14,False,0.0,0,0,0,0,none,0,,1.0,S1_BullishDefend,1.0,oracle,1,1,,,,,,0,0
2022-01-17,False,0.0,0,0,0,0,none,0,,-1.0,S1_BullishDefend,1.0,oracle,1,1,,,,,,0,0
2022-01-18,False,-12.384571428571485,3,0,0,0,none,0,-3.5402857142857784,1.0,S1_BullishDefend,1.0,oracle,1,1,4.0,2022-01-18T13:15:00+00:00,60.0,75.0,45.0,0,0
2022-01-19,False,0.0,0,0,0,0,none,0,,-1.0,S4_BearishBreak,1.0,oracle,1,-1,,,,,,0,0
2022-01-20,False,2.285000000000082,2,1,1,0,high,1,0.30500000000006366,1.0,S7_SweepHigh,1.0,oracle,1,-1,0.0,2022-01-20T12:15:00+00:00,0.0,15.0,45.0,1,0
2022-01-21,False,0.0,0,1,1,0,high,0,,1.0,S7_SweepHigh,1.0,oracle,1,-1,,,,,,0,0
2022-01-24,False,-10.335500000000025,2,1,0,1,low,1,1.0774999999999864,-1.0,S8_SweepLow,1.0,oracle,1,1,0.0,2022-01-24T12:15:00+00:00,0.0,15.0,90.0,1,0
2022-01-25,False,2.4050000000000864,1,0,0,0,none,0,2.4050000000000864,-1.0,S4_BearishBreak,1.0,oracle,1,-1,15.0,2022-01-25T16:00:00+00:00,225.0,240.0,165.0,0,0
2022-01-26,True,0.0,0,0,0,0,none,0,,,NewsFiltered,0.0,none,0,0,,,,,,0,0
2022-01-27,False,5.179999999999836,3,1,0,1,low,1,-0.8090000000000372,-1.0,S8_SweepLow,1.0,oracle,1,1,0.0,2022-01-27T12:15:00+00:00,0.0,15.0,60.0,1,0
2022-01-28,False,0.0,0,0,0,0,none,0,,1.0,S1_BullishDefend,1.0,oracle,1,1,,,,,,0,0
2022-01-31,False,0.0,0,0,0,0,none,0,,1.0,S1_BullishDefend,1.0,oracle,1,1,,,,,,0,0
2022-02-01,False,0.0,0,0,0,0,none,0,,-1.0,S2_BearishDefend,1.0,oracle,1,-1,,,,,,0,0
2022-02-02,False,-4.602999999999952,3,0,0,0,none,0,0.15000000000009095,-1.0,S2_BearishDefend,1.0,oracle,1,-1,15.0,2022-02-02T16:00:00+00:00,225.0,240.0,45.0,0,0
2022-02-03,False,0.0,0,0,0,0,none,0,,1.0,S1_BullishDefend,1.0,oracle,1,1,,,,,,0,0
2022-02-04,True,0.0,0,0,0,0,none,0,,,NewsFiltered,0.0,none,0,0,,,,,,0,0
2022-02-07,False,-10.07657142857138,2,0,0,0,none,1,-4.032714285714201,1.0,S1_BullishDefend,1.0,oracle,1,1,0.0,2022-02-07T12:15:00+00:00,0.0,15.0,45.0,1,0
2022-02-08,False,0.0,0,1,1,0,high,0,,1.0,S7_SweepHigh,1.0,oracle,1,-1,,,,,,0,0
2022-02-09,False,0.0,0,0,0,0,none,0,,-1.0,S4_BearishBreak,1.0,oracle,1,-1,,,,,,0,0
2022-02-10,True,0.0,0,0,0,0,none,0,,,NewsFiltered,0.0,none,0,0,,,,,,0,0
2022-02-11,False,0.0,0,0,0,0,none,0,,1.0,S2_BearishDefend,1.0,oracle,1,-1,,,,,,0,0
2022-02-14,False,0.0,0,0,0,0,none,0,,-1.0,S4_BearishBreak,1.0,oracle,1,-1,,,,,,0,0
2022-02-15,False,0.0,0,0,0,0,none,0,,-1.0,S1_BullishDefend,1.0,oracle,1,1,,,,,,0,0
2022-02-16,False,0.0,0,0,0,0,none,0,,1.0,S1_BullishDefend,1.0,oracle,1,1,,,,,,0,0
2022-02-17,False,10.04207142857158,3,1,1,0,high,1,2.615000000000009,1.0,S7_SweepHigh,1.0,oracle,1,-1,0.0,2022-02-17T12:15:00+00:00,0.0,15.0,195.0,1,0
2022-02-18,False,-0.4599999999999227,2,0,0,0,none,1,3.060000000000059,1.0,S1_BullishDefend,1.0,oracle,1,1,0.0,2022-02-18T12:15:00+00:00,0.0,15.0,195.0,1,0
2022-02-21,False,0.0,0,0,0,0,none,0,,1.0,S1_BullishDefend,1.0,oracle,1,1,,,,,,0,0
2022-02-22,False,0.0,0,0,0,0,none,0,,1.0,S1_BullishDefend,1.0,oracle,1,1,,,,,,0,0
2022-02-23,False,-4.6375000000000455,3,1,1,0,high,1,0.5475000000000136,1.0,S7_SweepHigh,1.0,oracle,1,-1,0.0,2022-02-23T12:15:00+00:00,0.0,15.0,45.0,1,0
2022-02-24,False,0.0,0,0,0,0,none,0,,1.0,S1_BullishDefend,1.0,oracle,1,1,,,,,,0,0
2022-02-25,False,0.0,0,1,0,1,low,0,,-1.0,S2_BearishDefend,1.0,oracle,1,-1,,,,,,0,0
2022-02-28,False,8.142000000000074,1,0,0,0,none,0,8.142000000000074,1.0,S1_BullishDefend,1.0,oracle,1,1,6.0,2022-02-28T13:45:00+00:00,90.0,105.0,450.0,0,0
2022-03-01,False,9.721999999999888,2,1,0,1,low,1,1.572499999999991,-1.0,S2_BearishDefend,1.0,oracle,1,-1,0.0,2022-03-01T12:15:00+00:00,0.0,15.0,135.0,1,0
2022-03-02,False,0.0,0,0,0,0,none,0,,1.0,S4_BearishBreak,1.0,oracle,1,-1,,,,,,0,0
2022-03-03,False,0.0,0,1,0,1,low,0,,-1.0,S8_SweepLow,1.0,oracle,1,1,,,,,,0,0
2022-03-04,True,0.0,0,0,0,0,none,0,,,NewsFiltered,0.0,none,0,0,,,,,,0,0
2022-03-07,False,5.742499999999995,2,0,0,0,none,0,5.507499999999982,-1.0,S1_BullishDefend,1.0,oracle,1,1,4.0,2022-03-07T13:15:00+00:00,60.0,75.0,360.0,0,0
2022-03-08,False,0.0,0,0,0,0,none,0,,1.0,S1_BullishDefend,1.0,oracle,1,1,,,,,,0,0
2022-03-09,False,0.0,0,1,1,0,high,0,,-1.0,S7_SweepHigh,1.0,oracle,1,-1,,,,,,0,0
2022-03-10,True,0.0,0,0,0,0,none,0,,,NewsFiltered,0.0,none,0,0,,,,,,0,0
2022-03-11,False,0.0,0,0,0,0,none,0,,-1.0,S4_BearishBreak,1.0,oracle,1,-1,,,,,,0,0
2022-03-14,False,0.0,0,0,0,0,none,0,,1.0,S1_BullishDefend,1.0,oracle,1,1,,,,,,0,0
2022-03-15,False,-4.715999999999918,1,1,1,0,high,0,-4.715999999999918,1.0,S1_BullishDefend,1.0,oracle,1,1,22.0,2022-03-15T17:45:00+00:00,330.0,345.0,60.0,0,0
2022-03-16,True,0.0,0,0,0,0,none,0,,,NewsFiltered,0.0,none,0,0,,,,,,0,0
2022-03-17,False,0.0,0,0,0,0,none,0,,1.0,S1_BullishDefend,1.0,oracle,1,1,,,,,,0,0
2022-03-18,False,0.0,0,1,1,0,high,0,,1.0,S1_BullishDefend,1.0,oracle,1,1,,,,,,0,0
2022-03-21,False,0.0,0,0,0,0,none,0,,-1.0,S1_BullishDefend,1.0,oracle,1,1,,,,,,0,0
2022-03-22,False,10.740000000000009,2,0,0,0,none,1,2.0499999999999545,1.0,S1_BullishDefend,1.0,oracle,1,1,0.0,2022-03-22T12:15:00+00:00,0.0,15.0,105.0,1,0
2022-03-23,False,3.6971428571428073,3,1,1,0,high,1,1.3100000000000591,-1.0,S7_SweepHigh,1.0,oracle,1,-1,0.0,2022-03-23T12:15:00+00:00,0.0,15.0,90.0,1,0
2022-03-24,False,0.0,0,0,0,0,none,0,,1.0,S3_BullishBreak,1.0,oracle,1,1,,,,,,0,0
2022-03-25,False,0.0,0,0,0,0,none,0,,1.0,S1_BullishDefend,1.0,oracle,1,1,,,,,,0,0
2022-03-28,False,0.0,0,0,0,0,none,0,,1.0,S1_BullishDefend,1.0,oracle,1,1,,,,,,0,0
2022-03-29,False,0.0,0,0,0,0,none,0,,1.0,S1_BullishDefend,1.0,oracle,1,1,,,,,,0,0
2022-03-30,False,0.0,0,0,0,0,none,0,,1.0,S1_BullishDefend,1.0,oracle,1,1,,,,,,0,0
2022-03-31,False,-0.2235714285714948,1,0,0,0,none,0,-0.2235714285714948,-1.0,S1_BullishDefend,1.0,oracle,1,1,16.0,2022-03-31T16:15:00+00:00,240.0,255.0,225.0,0,0
2022-04-01,True,0.0,0,0,0,0,none,0,,,NewsFiltered,0.0,none,0,0,,,,,,0,0
2022-04-04,False,0.0,0,1,1,0,high,0,,1.0,S1_BullishDefend,1.0,oracle,1,1,,,,,,0,0
2022-04-05,False,0.0,0,1,1,0,high,0,,1.0,S7_SweepHigh,1.0,oracle,1,-1,,,,,,0,0
2022-04-06,False,-5.075500000000147,3,1,0,1,low,0,1.802500000000009,1.0,S8_SweepLow,1.0,oracle,1,1,17.0,2022-04-06T16:30:00+00:00,255.0,270.0,75.0,0,0
2022-04-07,False,-6.019642857142776,2,0,0,0,none,1,-6.7321428571428665,-1.0,S2_BearishDefend,1.0,oracle,1,-1,3.0,2022-04-07T13:00:00+00:00,45.0,60.0,45.0,1,0
2022-04-08,False,0.0,0,1,0,1,low,0,,1.0,S8_SweepLow,1.0,oracle,1,1,,,,,,0,0
2022-04-11,False,0.0,0,0,0,0,none,0,,1.0,S1_BullishDefend,1.0,oracle,1,1,,,,,,0,0
2022-04-12,True,0.0,0,0,0,0,none,0,,,NewsFiltered,0.0,none,0,0,,,,,,0,0
2022-04-13,False,0.0,0,0,0,0,none,0,,-1.0,S1_BullishDefend,1.0,oracle,1,1,,,,,,0,0
2022-04-14,False,0.7509999999999991,2,0,0,0,none,0,2.0399999999999636,-1.0,S1_BullishDefend,1.0,oracle,1,1,5.0,2022-04-14T13:30:00+00:00,75.0,90.0,45.0,0,0
2022-04-15,False,0.0,0,0,0,0,none,0,,1.0,S1_BullishDefend,1.0,oracle,1,1,,,,,,0,0
2022-04-18,False,0.0,0,0,0,0,none,0,,1.0,S1_BullishDefend,1.0,oracle,1,1,,,,,,0,0
2022-04-19,False,0.0,0,0,0,0,none,0,,1.0,S1_BullishDefend,1.0,oracle,1,1,,,,,,0,0
2022-04-20,False,-4.843499999999835,3,1,0,1,low,0,2.622500000000059,1.0,S2_BearishDefend,1.0,oracle,1,-1,10.0,2022-04-20T14:45:00+00:00,150.0,165.0,180.0,0,0
2022-04-21,False,-4.449999999999818,1,1,1,0,high,0,-4.449999999999818,1.0,S7_SweepHigh,1.0,oracle,1,-1,26.0,2022-04-21T18:45:00+00:00,390.0,405.0,150.0,0,0
2022-04-22,False,-8.583999999999946,3,0,0,0,none,0,0.3224999999999909,-1.0,S4_BearishBreak,1.0,oracle,1,-1,5.0,2022-04-22T13:30:00+00:00,75.0,90.0,60.0,0,0
2022-04-25,False,0.0,0,0,0,0,none,0,,1.0,S1_BullishDefend,1.0,oracle,1,1,,,,,,0,0
2022-04-26,False,1.037499999999909,1,0,0,0,none,1,1.037499999999909,-1.0,S1_BullishDefend,1.0,oracle,1,1,0.0,2022-04-26T12:15:00+00:00,0.0,15.0,150.0,1,0
2022-04-27,False,0.0,0,0,0,0,none,0,,-1.0,S3_BullishBreak,1.0,oracle,1,1,,,,,,0,0
2022-04-28,False,0.0,0,1,0,1,low,0,,1.0,S2_BearishDefend,1.0,oracle,1,-1,,,,,,0,0
2022-04-29,False,0.0,0,0,0,0,none,0,,-1.0,S4_BearishBreak,1.0,oracle,1,-1,,,,,,0,0
2022-05-02,False,0.0,0,0,0,0,none,0,,-1.0,S2_BearishDefend,1.0,oracle,1,-1,,,,,,0,0
2022-05-03,False,-8.295499999999834,2,1,0,1,low,1,2.0475000000000136,-1.0,S8_SweepLow,1.0,oracle,1,1,0.0,2022-05-03T12:15:00+00:00,0.0,15.0,75.0,1,0
2022-05-04,True,0.0,0,0,0,0,none,0,,,NewsFiltered,0.0,none,0,0,,,,,,0,0
2022-05-05,False,0.0,0,0,0,0,none,0,,-1.0,S4_BearishBreak,1.0,oracle,1,-1,,,,,,0,0
2022-05-06,True,0.0,0,0,0,0,none,0,,,NewsFiltered,0.0,none,0,0,,,,,,0,0
2022-05-09,False,0.0,0,0,0,0,none,0,,-1.0,S1_BullishDefend,1.0,oracle,1,1,,,,,,0,0
2022-05-10,False,0.0,0,0,0,0,none,0,,-1.0,S2_BearishDefend,1.0,oracle,1,-1,,,,,,0,0
2022-05-11,True,0.0,0,0,0,0,none,0,,,NewsFiltered,0.0,none,0,0,,,,,,0,0
2022-05-12,False,12.214571428571503,1,1,1,0,high,0,12.214571428571503,1.0,S1_BullishDefend,1.0,oracle,1,1,12.0,2022-05-12T15:15:00+00:00,180.0,195.0,345.0,0,0
2022-05-13,False,8.049571428571516,1,1,1,0,high,1,8.049571428571516,1.0,S7_SweepHigh,1.0,oracle,1,-1,0.0,2022-05-13T12:15:00+00:00,0.0,15.0,465.0,1,0
2022-05-16,False,0.0,0,0,0,0,none,0,,-1.0,S3_BullishBreak,1.0,oracle,1,1,,,,,,0,0
2022-05-17,False,0.2900000000000773,1,0,0,0,none,0,0.2900000000000773,1.0,S1_BullishDefend,1.0,oracle,1,1,10.0,2022-05-17T14:45:00+00:00,150.0,165.0,120.0,0,0
2022-05-18,False,0.0,0,1,1,0,high,0,,1.0,S3_BullishBreak,1.0,oracle,1,1,,,,,,0,0
2022-05-19,False,0.0,0,0,0,0,none,0,,1.0,S1_BullishDefend,1.0,oracle,1,1,,,,,,0,0
2022-05-20,False,0.0,0,0,0,0,none,0,,1.0,S2_BearishDefend,1.0,oracle,1,-1,,,,,,0,0
2022-05-23,False,0.0,0,0,0,0,none,0,,1.0,S1_BullishDefend,1.0,oracle,1,1,,,,,,0,0
2022-05-24,False,0.0,0,0,0,0,none,0,,-1.0,S1_BullishDefend,1.0,oracle,1,1,,,,,,0,0
2022-05-25,False,-29.228571428571428,3,1,1,0,high,0,-8.963000000000012,1.0,S7_SweepHigh,1.0,oracle,1,-1,15.0,2022-05-25T16:00:00+00:00,225.0,240.0,45.0,0,0
2022-05-26,False,3.509999999999991,1,0,0,0,none,1,3.509999999999991,1.0,S1_BullishDefend,1.0,oracle,1,1,2.0,2022-05-26T12:45:00+00:00,30.0,45.0,285.0,1,0
2022-05-27,False,-5.970000000000027,3,1,0,1,low,1,4.813499999999976,-1.0,S2_BearishDefend,1.0,oracle,1,-1,0.0,2022-05-27T12:15:00+00:00,0.0,15.0,150.0,1,0
2022-05-30,False,0.0,0,1,1,0,high,0,,-1.0,S1_BullishDefend,1.0,oracle,1,1,,,,,,0,0
2022-05-31,False,-6.195000000000164,2,0,0,0,none,0,2.224999999999909,1.0,S2_BearishDefend,1.0,oracle,1,-1,8.0,2022-05-31T14:15:00+00:00,120.0,135.0,180.0,0,0
2022-06-01,False,9.97999999999979,1,0,0,0,none,1,9.97999999999979,-1.0,S2_BearishDefend,1.0,oracle,1,-1,0.0,2022-06-01T12:15:00+00:00,0.0,15.0,540.0,1,0
2022-06-02,False,0.0,0,0,0,0,none,0,,1.0,S1_BullishDefend,1.0,oracle,1,1,,,,,,0,0
2022-06-03,True,0.0,0,0,0,0,none,0,,,NewsFiltered,0.0,none,0,0,,,,,,0,0
2022-06-06,False,0.0,0,1,0,1,low,0,,-1.0,S2_BearishDefend,1.0,oracle,1,-1,,,,,,0,0
2022-06-07,False,7.310000000000173,3,0,0,0,none,0,3.052500000000009,1.0,S2_BearishDefend,1.0,oracle,1,-1,13.0,2022-06-07T15:30:00+00:00,195.0,210.0,45.0,0,0
2022-06-08,False,0.0,0,1,1,0,high,0,,1.0,S1_BullishDefend,1.0,oracle,1,1,,,,,,0,0
2022-06-09,False,0.0,0,1,0,1,low,0,,-1.0,S8_SweepLow,1.0,oracle,1,1,,,,,,0,0
2022-06-10,True,0.0,0,0,0,0,none,0,,,NewsFiltered,0.0,none,0,0,,,,,,0,0
2022-06-13,False,0.0,0,0,0,0,none,0,,1.0,S4_BearishBreak,1.0,oracle,1,-1,,,,,,0,0
2022-06-14,False,0.0,0,0,0,0,none,0,,-1.0,S1_BullishDefend,1.0,oracle,1,1,,,,,,0,0
2022-06-15,True,0.0,0,0,0,0,none,0,,,NewsFiltered,0.0,none,0,0,,,,,,0,0
2022-06-16,False,4.4669999999996435,3,1,1,0,high,0,2.2224999999998545,1.0,S1_BullishDefend,1.0,oracle,1,1,6.0,2022-06-16T13:45:00+00:00,90.0,105.0,60.0,0,0
2022-06-17,False,0.0,0,0,0,0,none,0,,-1.0,S3_BullishBreak,1.0,oracle,1,1,,,,,,0,0
2022-06-20,False,0.0,0,0,0,0,none,0,,-1.0,S2_BearishDefend,1.0,oracle,1,-1,,,,,,0,0
2022-06-21,False,0.0,0,0,0,0,none,0,,1.0,S1_BullishDefend,1.0,oracle,1,1,,,,,,0,0
2022-06-22,False,0.0,0,1,1,0,high,0,,1.0,S7_SweepHigh,1.0,oracle,1,-1,,,,,,0,0
2022-06-23,False,0.0,0,0,0,0,none,0,,1.0,S1_BullishDefend,1.0,oracle,1,1,,,,,,0,0
2022-06-24,False,0.0,0,0,0,0,none,0,,1.0,S1_BullishDefend,1.0,oracle,1,1,,,,,,0,0
2022-06-27,False,0.0,0,0,0,0,none,0,,1.0,S1_BullishDefend,1.0,oracle,1,1,,,,,,0,0
2022-06-28,False,0.0,0,1,1,0,high,0,,1.0,S7_SweepHigh,1.0,oracle,1,-1,,,,,,0,0
2022-06-29,False,0.0,0,1,1,0,high,0,,1.0,S3_BullishBreak,1.0,oracle,1,1,,,,,,0,0
2022-06-30,False,0.0,0,0,0,0,none,0,,1.0,S1_BullishDefend,1.0,oracle,1,1,,,,,,0,0
2022-07-01,False,0.0,0,0,0,0,none,0,,-1.0,S1_BullishDefend,1.0,oracle,1,1,,,,,,0,0
2022-07-04,False,0.0,0,1,1,0,high,0,,1.0,S7_SweepHigh,1.0,oracle,1,-1,,,,,,0,0
2022-07-05,False,0.0,0,0,0,0,none,0,,-1.0,S1_BullishDefend,1.0,oracle,1,1,,,,,,0,0
2022-07-06,False,0.0,0,0,0,0,none,0,,-1.0,S2_BearishDefend,1.0,oracle,1,-1,,,,,,0,0
2022-07-07,False,1.2200000000002547,3,0,0,0,none,1,3.5900000000001455,1.0,S1_BullishDefend,1.0,oracle,1,1,0.0,2022-07-07T12:15:00+00:00,0.0,15.0,255.0,1,0
2022-07-08,True,0.0,0,0,0,0,none,0,,,NewsFiltered,0.0,none,0,0,,,,,,0,0
2022-07-11,False,0.0,0,1,0,1,low,0,,-1.0,S8_SweepLow,1.0,oracle,1,1,,,,,,0,0
2022-07-12,False,0.0,0,0,0,0,none,0,,1.0,S1_BullishDefend,1.0,oracle,1,1,,,,,,0,0
2022-07-13,True,0.0,0,0,0,0,none,0,,,NewsFiltered,0.0,none,0,0,,,,,,0,0
2022-07-14,False,3.509999999999991,2,1,0,1,low,1,0.042500000000245564,-1.0,S8_SweepLow,1.0,oracle,1,1,1.0,2022-07-14T12:30:00+00:00,15.0,30.0,45.0,1,0
2022-07-15,False,5.054999999999836,2,0,0,0,none,0,0.2749999999998636,-1.0,S3_BullishBreak,1.0,oracle,1,1,16.0,2022-07-15T16:15:00+00:00,240.0,255.0,75.0,0,0
2022-07-18,False,0.0,0,0,0,0,none,0,,1.0,S1_BullishDefend,1.0,oracle,1,1,,,,,,0,0
2022-07-19,False,-25.394000000000233,1,1,0,1,low,1,-25.394000000000233,1.0,S8_SweepLow,1.0,oracle,1,1,2.0,2022-07-19T12:45:00+00:00,30.0,45.0,315.0,1,0
2022-07-20,False,0.0,0,0,0,0,none,0,,1.0,S1_BullishDefend,1.0,oracle,1,1,,,,,,0,0
2022-07-21,False,5.365000000000009,3,1,1,0,high,1,1.9300000000000637,-1.0,S3_BullishBreak,1.0,oracle,1,1,0.0,2022-07-21T12:15:00+00:00,0.0,15.0,105.0,1,0
2022-07-22,False,0.0,0,0,0,0,none,0,,1.0,S1_BullishDefend,1.0,oracle,1,1,,,,,,0,0
2022-07-25,False,0.0,0,0,0,0,none,0,,1.0,S1_BullishDefend,1.0,oracle,1,1,,,,,,0,0
2022-07-26,False,0.0,0,0,0,0,none,0,,1.0,S1_BullishDefend,1.0,oracle,1,1,,,,,,0,0
2022-07-27,True,0.0,0,0,0,0,none,0,,,NewsFiltered,0.0,none,0,0,,,,,,0,0
2022-07-28,False,-1.0559999999994947,2,1,1,0,high,1,8.166000000000258,1.0,S7_SweepHigh,1.0,oracle,1,-1,0.0,2022-07-28T12:15:00+00:00,0.0,15.0,420.0,1,0
2022-07-29,False,0.0,0,0,0,0,none,0,,1.0,S1_BullishDefend,1.0,oracle,1,1,,,,,,0,0
2022-08-01,False,0.0,0,0,0,0,none,0,,1.0,S1_BullishDefend,1.0,oracle,1,1,,,,,,0,0
2022-08-02,False,-7.520000000000346,3,0,0,0,none,1,5.3019999999997705,1.0,S2_BearishDefend,1.0,oracle,1,-1,2.0,2022-08-02T12:45:00+00:00,30.0,45.0,165.0,1,0
2022-08-03,False,0.0,0,1,0,1,low,0,,-1.0,S2_BearishDefend,1.0,oracle,1,-1,,,,,,0,0
2022-08-04,False,-11.894999999999616,3,0,0,0,none,1,-4.310857142857048,1.0,S4_BearishBreak,1.0,oracle,1,-1,0.0,2022-08-04T12:15:00+00:00,0.0,15.0,45.0,1,0
2022-08-05,True,0.0,0,0,0,0,none,0,,,NewsFiltered,0.0,none,0,0,,,,,,0,0
2022-08-08,False,0.0,0,0,0,0,none,0,,1.0,S1_BullishDefend,1.0,oracle,1,1,,,,,,0,0
2022-08-09,False,0.0,0,1,1,0,high,0,,1.0,S7_SweepHigh,1.0,oracle,1,-1,,,,,,0,0
2022-08-10,True,0.0,0,0,0,0,none,0,,,NewsFiltered,0.0,none,0,0,,,,,,0,0
2022-08-11,False,0.0,0,1,1,0,high,0,,1.0,S1_BullishDefend,1.0,oracle,1,1,,,,,,0,0
2022-08-12,False,0.0,0,1,0,1,low,0,,-1.0,S8_SweepLow,1.0,oracle,1,1,,,,,,0,0
2022-08-15,False,0.0,0,0,0,0,none,0,,1.0,S1_BullishDefend,1.0,oracle,1,1,,,,,,0,0
2022-08-16,False,4.665000000000191,3,1,1,0,high,1,0.5750000000000455,1.0,S7_SweepHigh,1.0,oracle,1,-1,0.0,2022-08-16T12:15:00+00:00,0.0,15.0,150.0,1,0
2022-08-17,False,0.0,0,0,0,0,none,0,,1.0,S1_BullishDefend,1.0,oracle,1,1,,,,,,0,0
2022-08-18,False,0.0,0,0,0,0,none,0,,-1.0,S1_BullishDefend,1.0,oracle,1,1,,,,,,0,0
2022-08-19,False,-7.210999999999558,3,1,0,1,low,1,1.8925000000001546,-1.0,S8_SweepLow,1.0,oracle,1,1,0.0,2022-08-19T12:15:00+00:00,0.0,15.0,90.0,1,0
2022-08-22,False,7.599999999999909,1,0,0,0,none,0,7.599999999999909,-1.0,S1_BullishDefend,1.0,oracle,1,1,17.0,2022-08-22T16:30:00+00:00,255.0,270.0,285.0,0,0
2022-08-23,False,0.0,0,0,0,0,none,0,,1.0,S1_BullishDefend,1.0,oracle,1,1,,,,,,0,0
2022-08-24,False,0.0,0,1,0,1,low,0,,-1.0,S8_SweepLow,1.0,oracle,1,1,,,,,,0,0
2022-08-25,False,0.0,0,0,0,0,none,0,,1.0,S1_BullishDefend,1.0,oracle,1,1,,,,,,0,0
2022-08-26,False,-13.677999999999884,1,1,0,1,low,1,-13.677999999999884,1.0,S4_BearishBreak,1.0,oracle,1,-1,3.0,2022-08-26T13:00:00+00:00,45.0,60.0,450.0,1,0
2022-08-29,False,-6.891999999999825,3,0,0,0,none,1,0.11750000000006366,-1.0,S4_BearishBreak,1.0,oracle,1,-1,0.0,2022-08-29T12:15:00+00:00,0.0,15.0,45.0,1,0
2022-08-30,False,5.632499999999936,2,1,1,0,high,0,2.9025000000001455,-1.0,S7_SweepHigh,1.0,oracle,1,-1,6.0,2022-08-30T13:45:00+00:00,90.0,105.0,105.0,0,0
2022-08-31,False,0.0,0,0,0,0,none,0,,1.0,S1_BullishDefend,1.0,oracle,1,1,,,,,,0,0
2022-09-01,False,1.8674999999998363,2,0,0,0,none,1,3.332499999999982,-1.0,S1_BullishDefend,1.0,oracle,1,1,0.0,2022-09-01T12:15:00+00:00,0.0,15.0,120.0,1,0
2022-09-02,True,0.0,0,0,0,0,none,0,,,NewsFiltered,0.0,none,0,0,,,,,,0,0
2022-09-05,False,0.0,0,1,0,1,low,0,,-1.0,S2_BearishDefend,1.0,oracle,1,-1,,,,,,0,0
2022-09-06,False,0.0,0,0,0,0,none,0,,1.0,S1_BullishDefend,1.0,oracle,1,1,,,,,,0,0
2022-09-07,False,-1.1848571428571177,3,1,1,0,high,1,-3.1048571428571905,-1.0,S7_SweepHigh,1.0,oracle,1,-1,0.0,2022-09-07T12:15:00+00:00,0.0,15.0,45.0,1,0
2022-09-08,False,-2.2251428571427363,2,0,0,0,none,0,-0.719285714285661,1.0,S1_BullishDefend,1.0,oracle,1,1,11.0,2022-09-08T15:00:00+00:00,165.0,180.0,45.0,0,0
2022-09-09,False,0.0,0,0,0,0,none,0,,1.0,S3_BullishBreak,1.0,oracle,1,1,,,,,,0,0
2022-09-12,False,0.0,0,0,0,0,none,0,,-1.0,S2_BearishDefend,1.0,oracle,1,-1,,,,,,0,0
2022-09-13,True,0.0,0,0,0,0,none,0,,,NewsFiltered,0.0,none,0,0,,,,,,0,0
2022-09-14,False,0.0,0,0,0,0,none,0,,-1.0,S2_BearishDefend,1.0,oracle,1,-1,,,,,,0,0
2022-09-15,False,2.1924999999998818,1,1,0,1,low,1,2.1924999999998818,-1.0,S8_SweepLow,1.0,oracle,1,1,1.0,2022-09-15T12:30:00+00:00,15.0,30.0,135.0,1,0
2022-09-16,False,0.0,0,0,0,0,none,0,,-1.0,S2_BearishDefend,1.0,oracle,1,-1,,,,,,0,0
2022-09-19,False,12.717000000000233,3,1,1,0,high,1,0.8550000000000182,-1.0,S1_BullishDefend,1.0,oracle,1,1,0.0,2022-09-19T12:15:00+00:00,0.0,15.0,135.0,1,0
2022-09-20,False,0.0,0,1,0,1,low,0,,-1.0,S8_SweepLow,1.0,oracle,1,1,,,,,,0,0
2022-09-21,True,0.0,0,0,0,0,none,0,,,NewsFiltered,0.0,none,0,0,,,,,,0,0
2022-09-22,False,2.6275000000000546,3,1,1,0,high,1,0.1875,1.0,S7_SweepHigh,1.0,oracle,1,-1,0.0,2022-09-22T12:15:00+00:00,0.0,15.0,45.0,1,0
2022-09-23,False,0.0,0,1,1,0,high,0,,1.0,S7_SweepHigh,1.0,oracle,1,-1,,,,,,0,0
2022-09-26,False,0.0,0,0,0,0,none,0,,1.0,S1_BullishDefend,1.0,oracle,1,1,,,,,,0,0
2022-09-27,False,0.0,0,1,1,0,high,0,,1.0,S7_SweepHigh,1.0,oracle,1,-1,,,,,,0,0
2022-09-28,False,0.0,0,0,0,0,none,0,,-1.0,S2_BearishDefend,1.0,oracle,1,-1,,,,,,0,0
2022-09-29,False,0.0,0,0,0,0,none,0,,-1.0,S1_BullishDefend,1.0,oracle,1,1,,,,,,0,0
2022-09-30,False,3.0950000000000273,1,0,0,0,none,1,3.0950000000000273,-1.0,S1_BullishDefend,1.0,oracle,1,1,0.0,2022-09-30T12:15:00+00:00,0.0,15.0,165.0,1,0
2022-10-03,False,0.0,0,1,1,0,high,0,,-1.0,S1_BullishDefend,1.0,oracle,1,1,,,,,,0,0
2022-10-04,False,0.0,0,0,0,0,none,0,,-1.0,S1_BullishDefend,1.0,oracle,1,1,,,,,,0,0
2022-10-05,False,0.0,0,1,0,1,low,0,,1.0,S8_SweepLow,1.0,oracle,1,1,,,,,,0,0
2022-10-06,False,3.1800000000000637,2,1,1,0,high,1,2.0650000000000546,1.0,S7_SweepHigh,1.0,oracle,1,-1,0.0,2022-10-06T12:15:00+00:00,0.0,15.0,375.0,1,0
2022-10-07,True,0.0,0,0,0,0,none,0,,,NewsFiltered,0.0,none,0,0,,,,,,0,0
2022-10-10,False,0.0,0,1,0,1,low,0,,-1.0,S2_BearishDefend,1.0,oracle,1,-1,,,,,,0,0
2022-10-11,False,0.0,0,0,0,0,none,0,,1.0,S1_BullishDefend,1.0,oracle,1,1,,,,,,0,0
2022-10-12,False,10.824999999999818,1,0,0,0,none,0,10.824999999999818,1.0,S1_BullishDefend,1.0,oracle,1,1,16.0,2022-10-12T16:15:00+00:00,240.0,255.0,285.0,0,0
2022-10-13,True,0.0,0,0,0,0,none,0,,,NewsFiltered,0.0,none,0,0,,,,,,0,0
2022-10-14,False,0.0,0,0,0,0,none,0,,-1.0,S1_BullishDefend,1.0,oracle,1,1,,,,,,0,0
2022-10-17,False,0.0,0,0,0,0,none,0,,1.0,S1_BullishDefend,1.0,oracle,1,1,,,,,,0,0
2022-10-18,False,3.525000000000091,3,1,0,1,low,1,1.7300000000000182,-1.0,S8_SweepLow,1.0,oracle,1,1,0.0,2022-10-18T12:15:00+00:00,0.0,15.0,90.0,1,0
2022-10-19,False,1.7084285714283853,3,1,1,0,high,1,0.9001428571428278,1.0,S7_SweepHigh,1.0,oracle,1,-1,0.0,2022-10-19T12:15:00+00:00,0.0,15.0,45.0,1,0
2022-10-20,False,0.0,0,0,0,0,none,0,,-1.0,S1_BullishDefend,1.0,oracle,1,1,,,,,,0,0
2022-10-21,False,2.949999999999818,2,1,0,1,low,1,0.4874999999999545,-1.0,S8_SweepLow,1.0,oracle,1,1,1.0,2022-10-21T12:30:00+00:00,15.0,30.0,120.0,1,0
2022-10-24,False,0.0,0,0,0,0,none,0,,1.0,S1_BullishDefend,1.0,oracle,1,1,,,,,,0,0
2022-10-25,False,0.0,0,0,0,0,none,0,,-1.0,S1_BullishDefend,1.0,oracle,1,1,,,,,,0,0
2022-10-26,False,1.9899999999997817,2,1,0,1,low,1,1.2949999999998454,1.0,S2_BearishDefend,1.0,oracle,1,-1,0.0,2022-10-26T12:15:00+00:00,0.0,15.0,135.0,1,0
2022-10-27,False,0.0,0,0,0,0,none,0,,-1.0,S1_BullishDefend,1.0,oracle,1,1,,,,,,0,0
2022-10-28,False,-10.95699999999988,1,0,0,0,none,0,-10.95699999999988,-1.0,S2_BearishDefend,1.0,oracle,1,-1,15.0,2022-10-28T16:00:00+00:00,225.0,240.0,255.0,0,0
2022-10-31,False,5.647500000000036,3,1,1,0,high,1,0.21749999999997272,1.0,S7_SweepHigh,1.0,oracle,1,-1,0.0,2022-10-31T12:15:00+00:00,0.0,15.0,75.0,1,0
2022-11-01,False,6.368357142857121,2,0,0,0,none,1,10.088357142857149,1.0,S3_BullishBreak,1.0,oracle,1,1,0.0,2022-11-01T12:15:00+00:00,0.0,15.0,360.0,1,0
2022-11-02,True,0.0,0,0,0,0,none,0,,,NewsFiltered,0.0,none,0,0,,,,,,0,0
2022-11-03,False,-10.924999999999955,2,1,1,0,high,1,-9.565000000000055,-1.0,S1_BullishDefend,1.0,oracle,1,1,0.0,2022-11-03T12:15:00+00:00,0.0,15.0,450.0,1,0
2022-11-04,True,0.0,0,0,0,0,none,0,,,NewsFiltered,0.0,none,0,0,,,,,,0,0
2022-11-07,False,0.0,0,1,0,1,low,0,,-1.0,S2_BearishDefend,1.0,oracle,1,-1,,,,,,0,0
2022-11-08,False,0.0,0,0,0,0,none,0,,1.0,S1_BullishDefend,1.0,oracle,1,1,,,,,,0,0
2022-11-09,False,0.0,0,0,0,0,none,0,,-1.0,S1_BullishDefend,1.0,oracle,1,1,,,,,,0,0
2022-11-10,True,0.0,0,0,0,0,none,0,,,NewsFiltered,0.0,none,0,0,,,,,,0,0
2022-11-11,False,-11.922571428571382,3,1,1,0,high,0,-6.738571428571413,1.0,S7_SweepHigh,1.0,oracle,1,-1,13.0,2022-11-11T15:30:00+00:00,195.0,210.0,45.0,0,0
2022-11-14,False,0.0,0,0,0,0,none,0,,-1.0,S1_BullishDefend,1.0,oracle,1,1,,,,,,0,0
2022-11-15,False,0.0,0,0,0,0,none,0,,1.0,Undefined,1.0,oracle,1,0,,,,,,0,0
2022-11-16,False,0.0,0,0,0,0,none,0,,-1.0,S3_BullishBreak,1.0,oracle,1,1,,,,,,0,0
2022-11-17,False,0.0,0,0,0,0,none,0,,1.0,S1_BullishDefend,1.0,oracle,1,1,,,,,,0,0
2022-11-18,False,10.055142857142982,3,0,0,0,none,1,2.075000000000273,1.0,S1_BullishDefend,1.0,oracle,1,1,3.0,2022-11-18T13:00:00+00:00,45.0,60.0,90.0,1,0
2022-11-21,False,0.0,0,1,1,0,high,0,,1.0,S1_BullishDefend,1.0,oracle,1,1,,,,,,0,0
2022-11-22,False,10.302999999999749,1,1,0,1,low,1,10.302999999999749,-1.0,S2_BearishDefend,1.0,oracle,1,-1,0.0,2022-11-22T12:15:00+00:00,0.0,15.0,540.0,1,0
2022-11-23,False,6.852500000000555,3,0,0,0,none,1,0.9925000000000637,1.0,S1_BullishDefend,1.0,oracle,1,1,0.0,2022-11-23T12:15:00+00:00,0.0,15.0,45.0,1,0
2022-11-24,False,3.0044285714285706,3,0,0,0,none,1,2.2899999999999636,-1.0,S3_BullishBreak,1.0,oracle,1,1,2.0,2022-11-24T12:45:00+00:00,30.0,45.0,45.0,1,0
2022-11-25,False,0.0,0,1,0,1,low,0,,-1.0,S8_SweepLow,1.0,oracle,1,1,,,,,,0,0
2022-11-28,False,0.0,0,0,0,0,none,0,,-1.0,S1_BullishDefend,1.0,oracle,1,1,,,,,,0,0
2022-11-29,False,0.0,0,0,0,0,none,0,,1.0,S1_BullishDefend,1.0,oracle,1,1,,,,,,0,0
2022-11-30,False,0.0,0,0,0,0,none,0,,-1.0,S2_BearishDefend,1.0,oracle,1,-1,,,,,,0,0
2022-12-01,False,0.0,0,0,0,0,none,0,,1.0,S1_BullishDefend,1.0,oracle,1,1,,,,,,0,0
2022-12-02,True,0.0,0,0,0,0,none,0,,,NewsFiltered,0.0,none,0,0,,,,,,0,0
2022-12-05,False,0.0,0,0,0,0,none,0,,-1.0,S1_BullishDefend,1.0,oracle,1,1,,,,,,0,0
2022-12-06,False,-13.001857142857398,3,1,1,0,high,1,-7.197857142857311,-1.0,S7_SweepHigh,1.0,oracle,1,-1,0.0,2022-12-06T12:15:00+00:00,0.0,15.0,45.0,1,0
2022-12-07,False,2.4674999999999727,1,0,0,0,none,1,2.4674999999999727,-1.0,S1_BullishDefend,1.0,oracle,1,1,0.0,2022-12-07T12:15:00+00:00,0.0,15.0,120.0,1,0
2022-12-08,False,0.0,0,0,0,0,none,0,,-1.0,S1_BullishDefend,1.0,oracle,1,1,,,,,,0,0
2022-12-09,False,5.509999999999991,2,0,0,0,none,0,3.740000000000009,1.0,S1_BullishDefend,1.0,oracle,1,1,5.0,2022-12-09T13:30:00+00:00,75.0,90.0,150.0,0,0
2022-12-12,False,-23.46700000000028,2,0,0,0,none,0,-12.156285714285833,1.0,S1_BullishDefend,1.0,oracle,1,1,10.0,2022-12-12T14:45:00+00:00,150.0,165.0,45.0,0,0
2022-12-13,True,0.0,0,0,0,0,none,0,,,NewsFiltered,0.0,none,0,0,,,,,,0,0
2022-12-14,True,0.0,0,0,0,0,none,0,,,NewsFiltered,0.0,none,0,0,,,,,,0,0
2022-12-15,False,0.0,0,0,0,0,none,0,,-1.0,S3_BullishBreak,1.0,oracle,1,1,,,,,,0,0
2022-12-16,False,0.0,0,0,0,0,none,0,,1.0,S2_BearishDefend,1.0,oracle,1,-1,,,,,,0,0
2022-12-19,False,0.0,0,0,0,0,none,0,,-1.0,S1_BullishDefend,1.0,oracle,1,1,,,,,,0,0
2022-12-20,False,0.0,0,0,0,0,none,0,,-1.0,S3_BullishBreak,1.0,oracle,1,1,,,,,,0,0
2022-12-21,False,0.0,0,0,0,0,none,0,,1.0,S1_BullishDefend,1.0,oracle,1,1,,,,,,0,0
2022-12-22,False,0.0,0,0,0,0,none,0,,-1.0,S1_BullishDefend,1.0,oracle,1,1,,,,,,0,0
2022-12-23,False,-21.962000000000444,2,1,0,1,low,0,-17.606000000000222,-1.0,S2_BearishDefend,1.0,oracle,1,-1,8.0,2022-12-23T14:15:00+00:00,120.0,135.0,285.0,0,0
2022-12-26,False,0.0,0,1,1,0,high,0,,1.0,S1_BullishDefend,1.0,oracle,1,1,,,,,,0,0
2022-12-27,False,0.0,0,0,0,0,none,0,,-1.0,S1_BullishDefend,1.0,oracle,1,1,,,,,,0,0
2022-12-28,False,0.6549999999999727,3,0,0,0,none,1,1.740000000000009,1.0,S1_BullishDefend,1.0,oracle,1,1,0.0,2022-12-28T12:15:00+00:00,0.0,15.0,75.0,1,0
2022-12-29,False,0.0,0,1,0,1,low,0,,-1.0,S2_BearishDefend,1.0,oracle,1,-1,,,,,,0,0
2022-12-30,False,8.36999999999971,1,0,0,0,none,1,8.36999999999971,-1.0,S1_BullishDefend,1.0,oracle,1,1,0.0,2022-12-30T12:15:00+00:00,0.0,15.0,435.0,1,0
2023-01-02,False,0.0,0,0,0,0,none,0,,-1.0,S2_BearishDefend,1.0,oracle,1,-1,,,,,,0,0
2023-01-03,False,0.0,0,1,0,1,low,0,,-1.0,S8_SweepLow,1.0,oracle,1,1,,,,,,0,0
2023-01-04,False,0.0,0,0,0,0,none,0,,-1.0,S1_BullishDefend,1.0,oracle,1,1,,,,,,0,0
2023-01-05,False,6.255000000000109,1,1,1,0,high,0,6.255000000000109,1.0,S7_SweepHigh,1.0,oracle,1,-1,5.0,2023-01-05T13:30:00+00:00,75.0,90.0,465.0,0,0
2023-01-06,True,0.0,0,0,0,0,none,0,,,NewsFiltered,0.0,none,0,0,,,,,,0,0
2023-01-09,False,0.0,0,0,0,0,none,0,,1.0,S1_BullishDefend,1.0,oracle,1,1,,,,,,0,0
2023-01-10,False,0.0,0,0,0,0,none,0,,1.0,S2_BearishDefend,1.0,oracle,1,-1,,,,,,0,0
2023-01-11,False,1.4497142857147083,3,0,0,0,none,1,-1.9352857142857374,-1.0,S1_BullishDefend,1.0,oracle,1,1,0.0,2023-01-11T12:15:00+00:00,0.0,15.0,90.0,1,0
2023-01-12,True,0.0,0,0,0,0,none,0,,,NewsFiltered,0.0,none,0,0,,,,,,0,0
2023-01-13,False,-13.177499999999782,2,0,0,0,none,0,1.2474999999999454,-1.0,S2_BearishDefend,1.0,oracle,1,-1,7.0,2023-01-13T14:00:00+00:00,105.0,120.0,135.0,0,0
2023-01-16,False,3.4355000000001383,1,0,0,0,none,0,3.4355000000001383,-1.0,S1_BullishDefend,1.0,oracle,1,1,20.0,2023-01-16T17:15:00+00:00,300.0,315.0,210.0,0,0
2023-01-17,False,0.0,0,0,0,0,none,0,,-1.0,S1_BullishDefend,1.0,oracle,1,1,,,,,,0,0
2023-01-18,False,0.4114285714281322,2,0,0,0,none,1,1.8299999999996999,-1.0,S1_BullishDefend,1.0,oracle,1,1,0.0,2023-01-18T12:15:00+00:00,0.0,15.0,120.0,1,0
2023-01-19,False,-5.165999999999713,2,1,1,0,high,0,-3.4378571428569558,1.0,S7_SweepHigh,1.0,oracle,1,-1,26.0,2023-01-19T18:45:00+00:00,390.0,405.0,45.0,0,0
2023-01-20,False,2.410000000000082,1,0,0,0,none,1,2.410000000000082,1.0,Undefined,1.0,oracle,1,0,0.0,2023-01-20T12:15:00+00:00,0.0,15.0,405.0,1,0
2023-01-23,False,7.001500000000078,1,0,0,0,none,1,7.001500000000078,1.0,S1_BullishDefend,1.0,oracle,1,1,0.0,2023-01-23T12:15:00+00:00,0.0,15.0,465.0,1,0
2023-01-24,False,0.0,0,0,0,0,none,0,,1.0,S1_BullishDefend,1.0,oracle,1,1,,,,,,0,0
2023-01-25,False,0.0,0,0,0,0,none,0,,-1.0,S2_BearishDefend,1.0,oracle,1,-1,,,,,,0,0
2023-01-26,False,0.0,0,0,0,0,none,0,,1.0,S1_BullishDefend,1.0,oracle,1,1,,,,,,0,0
2023-01-27,False,-8.541999999999916,1,1,0,1,low,0,-8.541999999999916,1.0,S2_BearishDefend,1.0,oracle,1,-1,13.0,2023-01-27T15:30:00+00:00,195.0,210.0,120.0,0,0
2023-01-30,False,0.0,0,0,0,0,none,0,,1.0,S4_BearishBreak,1.0,oracle,1,-1,,,,,,0,0
2023-01-31,False,0.0,0,0,0,0,none,0,,-1.0,S1_BullishDefend,1.0,oracle,1,1,,,,,,0,0
2023-02-01,True,0.0,0,0,0,0,none,0,,,NewsFiltered,0.0,none,0,0,,,,,,0,0
2023-02-02,False,0.0,0,1,1,0,high,0,,1.0,S7_SweepHigh,1.0,oracle,1,-1,,,,,,0,0
2023-02-03,True,0.0,0,0,0,0,none,0,,,NewsFiltered,0.0,none,0,0,,,,,,0,0
2023-02-06,False,0.0,0,0,0,0,none,0,,1.0,S1_BullishDefend,1.0,oracle,1,1,,,,,,0,0
2023-02-07,False,0.0,0,0,0,0,none,0,,1.0,S1_BullishDefend,1.0,oracle,1,1,,,,,,0,0
2023-02-08,False,0.0,0,0,0,0,none,0,,1.0,S1_BullishDefend,1.0,oracle,1,1,,,,,,0,0
2023-02-09,False,-1.0750000000000455,1,1,1,0,high,0,-1.0750000000000455,1.0,S1_BullishDefend,1.0,oracle,1,1,27.0,2023-02-09T19:00:00+00:00,405.0,420.0,45.0,0,0
2023-02-10,False,0.0,0,0,0,0,none,0,,-1.0,S1_BullishDefend,1.0,oracle,1,1,,,,,,0,0
2023-02-13,False,0.0,0,0,0,0,none,0,,1.0,S1_BullishDefend,1.0,oracle,1,1,,,,,,0,0
2023-02-14,True,0.0,0,0,0,0,none,0,,,NewsFiltered,0.0,none,0,0,,,,,,0,0
2023-02-15,False,0.0,0,1,0,1,low,0,,-1.0,S8_SweepLow,1.0,oracle,1,1,,,,,,0,0
2023-02-16,False,0.0,0,1,0,1,low,0,,-1.0,S2_BearishDefend,1.0,oracle,1,-1,,,,,,0,0
2023-02-17,False,2.5599999999999454,1,1,0,1,low,0,2.5599999999999454,-1.0,S8_SweepLow,1.0,oracle,1,1,28.0,2023-02-17T19:15:00+00:00,420.0,435.0,120.0,0,0
2023-02-20,False,0.0,0,1,0,1,low,0,,1.0,S8_SweepLow,1.0,oracle,1,1,,,,,,0,0
2023-02-21,False,0.0,0,0,0,0,none,0,,1.0,S1_BullishDefend,1.0,oracle,1,1,,,,,,0,0
2023-02-22,False,1.973000000000229,3,0,0,0,none,1,1.3875000000000455,-1.0,S1_BullishDefend,1.0,oracle,1,1,0.0,2023-02-22T12:15:00+00:00,0.0,15.0,45.0,1,0
2023-02-23,False,11.393000000000166,1,0,0,0,none,1,11.393000000000166,1.0,S1_BullishDefend,1.0,oracle,1,1,0.0,2023-02-23T12:15:00+00:00,0.0,15.0,510.0,1,0
2023-02-24,False,0.0,0,0,0,0,none,0,,-1.0,S1_BullishDefend,1.0,oracle,1,1,,,,,,0,0
2023-02-27,False,12.80685714285687,3,1,1,0,high,1,0.2925000000000182,-1.0,S7_SweepHigh,1.0,oracle,1,-1,0.0,2023-02-27T12:15:00+00:00,0.0,15.0,45.0,1,0
2023-02-28,False,0.0,0,1,1,0,high,0,,1.0,S7_SweepHigh,1.0,oracle,1,-1,,,,,,0,0
2023-03-01,False,0.0,0,0,0,0,none,0,,-1.0,S2_BearishDefend,1.0,oracle,1,-1,,,,,,0,0
2023-03-02,False,0.0,0,0,0,0,none,0,,1.0,S1_BullishDefend,1.0,oracle,1,1,,,,,,0,0
2023-03-03,False,-8.900000000000318,2,0,0,0,none,0,1.7999999999999545,-1.0,S1_BullishDefend,1.0,oracle,1,1,7.0,2023-03-03T14:00:00+00:00,105.0,120.0,90.0,0,0
2023-03-06,False,8.035000000000082,2,1,1,0,high,1,5.805000000000064,1.0,S7_SweepHigh,1.0,oracle,1,-1,1.0,2023-03-06T12:30:00+00:00,15.0,30.0,90.0,1,0
2023-03-07,False,0.0,0,1,0,1,low,0,,-1.0,S8_SweepLow,1.0,oracle,1,1,,,,,,0,0
2023-03-08,False,9.106642857142607,2,0,0,0,none,0,2.4274999999997817,-1.0,S3_BullishBreak,1.0,oracle,1,1,18.0,2023-03-08T16:45:00+00:00,270.0,285.0,150.0,0,0
2023-03-09,False,0.0,0,1,1,0,high,0,,1.0,S1_BullishDefend,1.0,oracle,1,1,,,,,,0,0
2023-03-10,True,0.0,0,0,0,0,none,0,,,NewsFiltered,0.0,none,0,0,,,,,,0,0
2023-03-13,False,0.0,0,0,0,0,none,0,,1.0,S1_BullishDefend,1.0,oracle,1,1,,,,,,0,0
2023-03-14,True,0.0,0,0,0,0,none,0,,,NewsFiltered,0.0,none,0,0,,,,,,0,0
2023-03-15,False,0.0,0,0,0,0,none,0,,-1.0,S2_BearishDefend,1.0,oracle,1,-1,,,,,,0,0
2023-03-16,False,0.0,0,0,0,0,none,0,,1.0,S1_BullishDefend,1.0,oracle,1,1,,,,,,0,0
2023-03-17,False,0.0,0,0,0,0,none,0,,-1.0,S1_BullishDefend,1.0,oracle,1,1,,,,,,0,0
2023-03-20,False,0.0,0,0,0,0,none,0,,-1.0,S1_BullishDefend,1.0,oracle,1,1,,,,,,0,0
2023-03-21,False,0.0,0,0,0,0,none,0,,-1.0,S2_BearishDefend,1.0,oracle,1,-1,,,,,,0,0
2023-03-22,True,0.0,0,0,0,0,none,0,,,NewsFiltered,0.0,none,0,0,,,,,,0,0
2023-03-23,False,0.0,0,1,0,1,low,0,,-1.0,S8_SweepLow,1.0,oracle,1,1,,,,,,0,0
2023-03-24,False,0.0,0,0,0,0,none,0,,1.0,S4_BearishBreak,1.0,oracle,1,-1,,,,,,0,0
2023-03-27,False,0.0,0,0,0,0,none,0,,-1.0,S1_BullishDefend,1.0,oracle,1,1,,,,,,0,0
2023-03-28,False,0.0,0,0,0,0,none,0,,1.0,S1_BullishDefend,1.0,oracle,1,1,,,,,,0,0
2023-03-29,False,-3.5599999999999454,1,0,0,0,none,0,-3.5599999999999454,-1.0,S1_BullishDefend,1.0,oracle,1,1,5.0,2023-03-29T13:30:00+00:00,75.0,90.0,465.0,0,0
2023-03-30,False,0.0,0,0,0,0,none,0,,1.0,S1_BullishDefend,1.0,oracle,1,1,,,,,,0,0
2023-03-31,False,0.0,0,0,0,0,none,0,,-1.0,S1_BullishDefend,1.0,oracle,1,1,,,,,,0,0
2023-04-03,False,0.27500000000009095,1,0,0,0,none,0,0.27500000000009095,1.0,S1_BullishDefend,1.0,oracle,1,1,28.0,2023-04-03T19:15:00+00:00,420.0,435.0,120.0,0,0
2023-04-04,False,0.0,0,1,1,0,high,0,,1.0,S7_SweepHigh,1.0,oracle,1,-1,,,,,,0,0
2023-04-05,False,-8.908428571428521,1,0,0,0,none,0,-8.908428571428521,1.0,S1_BullishDefend,1.0,oracle,1,1,16.0,2023-04-05T16:15:00+00:00,240.0,255.0,45.0,0,0
2023-04-06,False,7.880000000000109,1,0,0,0,none,0,7.880000000000109,1.0,S1_BullishDefend,1.0,oracle,1,1,13.0,2023-04-06T15:30:00+00:00,195.0,210.0,345.0,0,0
2023-04-07,True,0.0,0,0,0,0,none,0,,,NewsFiltered,0.0,none,0,0,,,,,,0,0
2023-04-10,False,10.91349999999984,1,1,1,0,high,1,10.91349999999984,1.0,S7_SweepHigh,1.0,oracle,1,-1,1.0,2023-04-10T12:30:00+00:00,15.0,30.0,525.0,1,0
2023-04-11,False,0.0,0,0,0,0,none,0,,1.0,S1_BullishDefend,1.0,oracle,1,1,,,,,,0,0
2023-04-12,True,0.0,0,0,0,0,none,0,,,NewsFiltered,0.0,none,0,0,,,,,,0,0
2023-04-13,False,0.0,0,0,0,0,none,0,,1.0,S1_BullishDefend,1.0,oracle,1,1,,,,,,0,0
2023-04-14,False,0.0,0,1,0,1,low,0,,-1.0,S8_SweepLow,1.0,oracle,1,1,,,,,,0,0
2023-04-17,False,0.0,0,1,0,1,low,0,,-1.0,S2_BearishDefend,1.0,oracle,1,-1,,,,,,0,0
2023-04-18,False,0.0,0,0,0,0,none,0,,1.0,S1_BullishDefend,1.0,oracle,1,1,,,,,,0,0
2023-04-19,False,0.0,0,0,0,0,none,0,,1.0,S1_BullishDefend,1.0,oracle,1,1,,,,,,0,0
2023-04-20,False,-9.608999999999924,3,1,0,1,low,1,1.3749999999997726,-1.0,S2_BearishDefend,1.0,oracle,1,-1,0.0,2023-04-20T12:15:00+00:00,0.0,15.0,60.0,1,0
2023-04-21,False,0.0,0,1,1,0,high,0,,1.0,S7_SweepHigh,1.0,oracle,1,-1,,,,,,0,0
2023-04-24,False,0.0,0,0,0,0,none,0,,1.0,S3_BullishBreak,1.0,oracle,1,1,,,,,,0,0
2023-04-25,False,1.259999999999991,1,1,1,0,high,0,1.259999999999991,1.0,S7_SweepHigh,1.0,oracle,1,-1,22.0,2023-04-25T17:45:00+00:00,330.0,345.0,180.0,0,0
2023-04-26,False,2.8749999999997726,1,1,1,0,high,0,2.8749999999997726,1.0,S7_SweepHigh,1.0,oracle,1,-1,30.0,2023-04-26T19:45:00+00:00,450.0,465.0,90.0,0,0
2023-04-27,False,0.0,0,0,0,0,none,0,,1.0,S1_BullishDefend,1.0,oracle,1,1,,,,,,0,0
2023-04-28,False,2.224142857142624,3,0,0,0,none,0,1.2149999999999181,-1.0,S4_BearishBreak,1.0,oracle,1,-1,8.0,2023-04-28T14:15:00+00:00,120.0,135.0,165.0,0,0
2023-05-01,False,0.0,0,1,1,0,high,0,,1.0,S7_SweepHigh,1.0,oracle,1,-1,,,,,,0,0
2023-05-02,False,0.0,0,0,0,0,none,0,,-1.0,S2_BearishDefend,1.0,oracle,1,-1,,,,,,0,0
2023-05-03,True,0.0,0,0,0,0,none,0,,,NewsFiltered,0.0,none,0,0,,,,,,0,0
2023-05-04,False,0.0,0,1,0,1,low,0,,-1.0,S2_BearishDefend,1.0,oracle,1,-1,,,,,,0,0
2023-05-05,True,0.0,0,0,0,0,none,0,,,NewsFiltered,0.0,none,0,0,,,,,,0,0
2023-05-08,False,0.0,0,0,0,0,none,0,,-1.0,S4_BearishBreak,1.0,oracle,1,-1,,,,,,0,0
2023-05-09,False,0.0,0,0,0,0,none,0,,-1.0,S1_BullishDefend,1.0,oracle,1,1,,,,,,0,0
2023-05-10,True,0.0,0,0,0,0,none,0,,,NewsFiltered,0.0,none,0,0,,,,,,0,0
2023-05-11,False,0.0,0,0,0,0,none,0,,1.0,S1_BullishDefend,1.0,oracle,1,1,,,,,,0,0
2023-05-12,False,0.0,0,0,0,0,none,0,,-1.0,S1_BullishDefend,1.0,oracle,1,1,,,,,,0,0
2023-05-15,False,0.0,0,1,0,1,low,0,,-1.0,S2_BearishDefend,1.0,oracle,1,-1,,,,,,0,0
2023-05-16,False,0.0,0,0,0,0,none,0,,1.0,S1_BullishDefend,1.0,oracle,1,1,,,,,,0,0
2023-05-17,False,0.0,0,0,0,0,none,0,,1.0,S1_BullishDefend,1.0,oracle,1,1,,,,,,0,0
2023-05-18,False,0.0,0,0,0,0,none,0,,1.0,S1_BullishDefend,1.0,oracle,1,1,,,,,,0,0
2023-05-19,False,0.0,0,0,0,0,none,0,,-1.0,S1_BullishDefend,1.0,oracle,1,1,,,,,,0,0
2023-05-22,False,0.0,0,0,0,0,none,0,,1.0,S1_BullishDefend,1.0,oracle,1,1,,,,,,0,0
2023-05-23,False,0.0,0,1,1,0,high,0,,1.0,S7_SweepHigh,1.0,oracle,1,-1,,,,,,0,0
2023-05-24,False,0.0,0,1,1,0,high,0,,1.0,S7_SweepHigh,1.0,oracle,1,-1,,,,,,0,0
2023-05-25,False,0.0,0,1,0,1,low,0,,-1.0,S8_SweepLow,1.0,oracle,1,1,,,,,,0,0
2023-05-26,False,0.0,0,0,0,0,none,0,,1.0,S1_BullishDefend,1.0,oracle,1,1,,,,,,0,0
2023-05-29,False,0.0,0,1,1,0,high,0,,1.0,S1_BullishDefend,1.0,oracle,1,1,,,,,,0,0
2023-05-30,False,0.0,0,0,0,0,none,0,,1.0,S1_BullishDefend,1.0,oracle,1,1,,,,,,0,0
2023-05-31,False,16.321000000000183,2,0,0,0,none,1,3.285000000000082,1.0,S3_BullishBreak,1.0,oracle,1,1,0.0,2023-05-31T12:15:00+00:00,0.0,15.0,240.0,1,0
2023-06-01,False,0.0,0,0,0,0,none,0,,1.0,S1_BullishDefend,1.0,oracle,1,1,,,,,,0,0
2023-06-02,True,0.0,0,0,0,0,none,0,,,NewsFiltered,0.0,none,0,0,,,,,,0,0
2023-06-05,False,12.639999999999873,2,0,0,0,none,0,1.1449999999999818,1.0,S1_BullishDefend,1.0,oracle,1,1,19.0,2023-06-05T17:00:00+00:00,285.0,300.0,75.0,0,0
2023-06-06,False,0.0,0,0,0,0,none,0,,-1.0,S1_BullishDefend,1.0,oracle,1,1,,,,,,0,0
2023-06-07,False,0.0,0,1,1,0,high,0,,1.0,S7_SweepHigh,1.0,oracle,1,-1,,,,,,0,0
2023-06-08,False,0.0,0,0,0,0,none,0,,1.0,S1_BullishDefend,1.0,oracle,1,1,,,,,,0,0
2023-06-09,False,0.272499999999809,1,1,0,1,low,0,0.272499999999809,-1.0,S8_SweepLow,1.0,oracle,1,1,4.0,2023-06-09T13:15:00+00:00,60.0,75.0,60.0,0,0
2023-06-12,False,0.0,0,0,0,0,none,0,,-1.0,S2_BearishDefend,1.0,oracle,1,-1,,,,,,0,0
2023-06-13,True,0.0,0,0,0,0,none,0,,,NewsFiltered,0.0,none,0,0,,,,,,0,0
2023-06-14,True,0.0,0,0,0,0,none,0,,,NewsFiltered,0.0,none,0,0,,,,,,0,0
2023-06-15,False,0.0,0,0,0,0,none,0,,1.0,S1_BullishDefend,1.0,oracle,1,1,,,,,,0,0
2023-06-16,False,0.0,0,0,0,0,none,0,,1.0,S2_BearishDefend,1.0,oracle,1,-1,,,,,,0,0
2023-06-19,False,1.1850000000001728,1,0,0,0,none,0,1.1850000000001728,1.0,S2_BearishDefend,1.0,oracle,1,-1,14.0,2023-06-19T15:45:00+00:00,210.0,225.0,45.0,0,0
2023-06-20,False,-5.6209999999994125,3,1,0,1,low,0,-23.967999999999847,1.0,S8_SweepLow,1.0,oracle,1,1,9.0,2023-06-20T14:30:00+00:00,135.0,150.0,210.0,0,0
2023-06-21,False,0.0,0,0,0,0,none,0,,1.0,S1_BullishDefend,1.0,oracle,1,1,,,,,,0,0
2023-06-22,False,0.5950000000000273,1,0,0,0,none,0,0.5950000000000273,1.0,S1_BullishDefend,1.0,oracle,1,1,12.0,2023-06-22T15:15:00+00:00,180.0,195.0,45.0,0,0
2023-06-23,False,0.0,0,1,0,1,low,0,,-1.0,S2_BearishDefend,1.0,oracle,1,-1,,,,,,0,0
2023-06-26,False,-8.594000000000051,2,0,0,0,none,0,-5.923999999999978,-1.0,S2_BearishDefend,1.0,oracle,1,-1,20.0,2023-06-26T17:15:00+00:00,300.0,315.0,120.0,0,0
2023-06-27,False,-6.139000000000124,3,1,1,1,both,0,2.6900000000000546,1.0,S7_SweepHigh,1.0,oracle,1,-1,18.0,2023-06-27T16:45:00+00:00,270.0,285.0,60.0,0,0
2023-06-28,False,0.0,0,0,0,0,none,0,,1.0,S1_BullishDefend,1.0,oracle,1,1,,,,,,0,0
2023-06-29,False,-5.919142857142969,2,0,0,0,none,0,-0.4049999999999727,1.0,S1_BullishDefend,1.0,oracle,1,1,25.0,2023-06-29T18:30:00+00:00,375.0,390.0,45.0,0,0
2023-06-30,False,12.88657142857187,2,1,1,0,high,1,0.3550000000000182,1.0,S3_BullishBreak,1.0,oracle,1,1,0.0,2023-06-30T12:15:00+00:00,0.0,15.0,90.0,1,0
2023-07-03,False,0.0,0,0,0,0,none,0,,-1.0,S1_BullishDefend,1.0,oracle,1,1,,,,,,0,0
2023-07-04,False,0.0,0,0,0,0,none,0,,1.0,S1_BullishDefend,1.0,oracle,1,1,,,,,,0,0
2023-07-05,False,15.791714285714582,3,0,0,0,none,0,2.0499999999999545,1.0,S1_BullishDefend,1.0,oracle,1,1,10.0,2023-07-05T14:45:00+00:00,150.0,165.0,75.0,0,0
2023-07-06,False,0.0,0,0,0,0,none,0,,-1.0,S1_BullishDefend,1.0,oracle,1,1,,,,,,0,0
2023-07-07,True,0.0,0,0,0,0,none,0,,,NewsFiltered,0.0,none,0,0,,,,,,0,0
2023-07-10,False,0.0,0,0,0,0,none,0,,1.0,S1_BullishDefend,1.0,oracle,1,1,,,,,,0,0
2023-07-11,False,0.0,0,0,0,0,none,0,,-1.0,S1_BullishDefend,1.0,oracle,1,1,,,,,,0,0
2023-07-12,True,0.0,0,0,0,0,none,0,,,NewsFiltered,0.0,none,0,0,,,,,,0,0
2023-07-13,False,0.0,0,0,0,0,none,0,,1.0,S1_BullishDefend,1.0,oracle,1,1,,,,,,0,0
2023-07-14,False,0.0,0,0,0,0,none,0,,-1.0,S2_BearishDefend,1.0,oracle,1,-1,,,,,,0,0
2023-07-17,False,0.0,0,0,0,0,none,0,,1.0,S1_BullishDefend,1.0,oracle,1,1,,,,,,0,0
2023-07-18,False,0.0,0,0,0,0,none,0,,1.0,S1_BullishDefend,1.0,oracle,1,1,,,,,,0,0
2023-07-19,False,0.0,0,0,0,0,none,0,,1.0,S2_BearishDefend,1.0,oracle,1,-1,,,,,,0,0
2023-07-20,False,0.0,0,0,0,0,none,0,,-1.0,S1_BullishDefend,1.0,oracle,1,1,,,,,,0,0
2023-07-21,False,0.0,0,1,1,0,high,0,,1.0,S1_BullishDefend,1.0,oracle,1,1,,,,,,0,0
2023-07-24,False,0.0,0,1,0,1,low,0,,1.0,S4_BearishBreak,1.0,oracle,1,-1,,,,,,0,0
2023-07-25,False,0.0,0,0,0,0,none,0,,1.0,S1_BullishDefend,1.0,oracle,1,1,,,,,,0,0
2023-07-26,True,0.0,0,0,0,0,none,0,,,NewsFiltered,0.0,none,0,0,,,,,,0,0
2023-07-27,False,0.0,0,0,0,0,none,0,,1.0,S1_BullishDefend,1.0,oracle,1,1,,,,,,0,0
2023-07-28,False,0.0,0,0,0,0,none,0,,-1.0,S1_BullishDefend,1.0,oracle,1,1,,,,,,0,0
2023-07-31,False,0.0,0,0,0,0,none,0,,-1.0,S2_BearishDefend,1.0,oracle,1,-1,,,,,,0,0
2023-08-01,False,0.0,0,0,0,0,none,0,,1.0,S1_BullishDefend,1.0,oracle,1,1,,,,,,0,0
2023-08-02,False,0.0,0,0,0,0,none,0,,-1.0,S2_BearishDefend,1.0,oracle,1,-1,,,,,,0,0
2023-08-03,False,-6.1617142857142415,3,0,0,0,none,1,1.8600000000001273,-1.0,S1_BullishDefend,1.0,oracle,1,1,0.0,2023-08-03T12:15:00+00:00,0.0,15.0,75.0,1,0
2023-08-04,True,0.0,0,0,0,0,none,0,,,NewsFiltered,0.0,none,0,0,,,,,,0,0
2023-08-07,False,-15.667000000000598,3,1,0,1,low,1,2.4849999999999,1.0,S2_BearishDefend,1.0,oracle,1,-1,0.0,2023-08-07T12:15:00+00:00,0.0,15.0,105.0,1,0
2023-08-08,False,2.6749999999999545,3,1,1,0,high,0,-0.9100000000000819,1.0,S7_SweepHigh,1.0,oracle,1,-1,23.0,2023-08-08T18:00:00+00:00,345.0,360.0,45.0,0,0
2023-08-09,False,0.0,0,0,0,0,none,0,,-1.0,S2_BearishDefend,1.0,oracle,1,-1,,,,,,0,0
2023-08-10,True,0.0,0,0,0,0,none,0,,,NewsFiltered,0.0,none,0,0,,,,,,0,0
2023-08-11,False,-11.197214285713926,3,0,0,0,none,1,1.4974999999999454,1.0,S2_BearishDefend,1.0,oracle,1,-1,0.0,2023-08-11T12:15:00+00:00,0.0,15.0,270.0,1,0
2023-08-14,False,3.7349999999999,2,0,0,0,none,1,2.5699999999999363,-1.0,S1_BullishDefend,1.0,oracle,1,1,0.0,2023-08-14T12:15:00+00:00,0.0,15.0,45.0,1,0
2023-08-15,False,0.0,0,0,0,0,none,0,,-1.0,S2_BearishDefend,1.0,oracle,1,-1,,,,,,0,0
2023-08-16,False,14.995000000000118,1,0,0,0,none,1,14.995000000000118,-1.0,S2_BearishDefend,1.0,oracle,1,-1,0.0,2023-08-16T12:15:00+00:00,0.0,15.0,540.0,1,0
2023-08-17,False,0.0,0,0,0,0,none,0,,-1.0,S2_BearishDefend,1.0,oracle,1,-1,,,,,,0,0
2023-08-18,False,5.605000000000246,3,1,1,0,high,1,0.415000000000191,1.0,S1_BullishDefend,1.0,oracle,1,1,0.0,2023-08-18T12:15:00+00:00,0.0,15.0,45.0,1,0
2023-08-21,False,0.0,0,0,0,0,none,0,,-1.0,S4_BearishBreak,1.0,oracle,1,-1,,,,,,0,0
2023-08-22,False,0.0,0,0,0,0,none,0,,1.0,S1_BullishDefend,1.0,oracle,1,1,,,,,,0,0
2023-08-23,False,0.0,0,0,0,0,none,0,,-1.0,S1_BullishDefend,1.0,oracle,1,1,,,,,,0,0
2023-08-24,False,22.714999999999783,3,0,0,0,none,1,3.0349999999998545,-1.0,S4_BearishBreak,1.0,oracle,1,-1,0.0,2023-08-24T12:15:00+00:00,0.0,15.0,75.0,1,0
2023-08-25,False,0.0,0,1,1,0,high,0,,1.0,S1_BullishDefend,1.0,oracle,1,1,,,,,,0,0
2023-08-28,False,0.0,0,0,0,0,none,0,,-1.0,S1_BullishDefend,1.0,oracle,1,1,,,,,,0,0
2023-08-29,False,-10.779999999999745,1,0,0,0,none,1,-10.779999999999745,-1.0,S1_BullishDefend,1.0,oracle,1,1,0.0,2023-08-29T12:15:00+00:00,0.0,15.0,540.0,1,0
2023-08-30,False,0.0,0,0,0,0,none,0,,1.0,S1_BullishDefend,1.0,oracle,1,1,,,,,,0,0
2023-08-31,False,3.4325000000001182,3,1,1,0,high,1,0.4574999999999818,-1.0,S7_SweepHigh,1.0,oracle,1,-1,0.0,2023-08-31T12:15:00+00:00,0.0,15.0,135.0,1,0
2023-09-01,True,0.0,0,0,0,0,none,0,,,NewsFiltered,0.0,none,0,0,,,,,,0,0
2023-09-04,False,0.0,0,0,0,0,none,0,,-1.0,S1_BullishDefend,1.0,oracle,1,1,,,,,,0,0
2023-09-05,False,0.0,0,1,1,0,high,0,,1.0,S7_SweepHigh,1.0,oracle,1,-1,,,,,,0,0
2023-09-06,False,0.0,0,0,0,0,none,0,,-1.0,S4_BearishBreak,1.0,oracle,1,-1,,,,,,0,0
2023-09-07,False,0.0,0,1,0,1,low,0,,-1.0,S8_SweepLow,1.0,oracle,1,1,,,,,,0,0
2023-09-08,False,-19.175142857143143,3,1,1,0,high,1,-10.306571428571441,1.0,S7_SweepHigh,1.0,oracle,1,-1,0.0,2023-09-08T12:15:00+00:00,0.0,15.0,45.0,1,0
2023-09-11,False,-21.50799999999981,1,1,0,1,low,1,-21.50799999999981,-1.0,S8_SweepLow,1.0,oracle,1,1,0.0,2023-09-11T12:15:00+00:00,0.0,15.0,330.0,1,0
2023-09-12,False,13.445000000000027,3,1,0,1,low,1,7.7199999999998905,1.0,S8_SweepLow,1.0,oracle,1,1,0.0,2023-09-12T12:15:00+00:00,0.0,15.0,240.0,1,0
2023-09-13,True,0.0,0,0,0,0,none,0,,,NewsFiltered,0.0,none,0,0,,,,,,0,0
2023-09-14,False,0.0,0,1,1,0,high,0,,1.0,S7_SweepHigh,1.0,oracle,1,-1,,,,,,0,0
2023-09-15,False,0.0,0,0,0,0,none,0,,-1.0,S1_BullishDefend,1.0,oracle,1,1,,,,,,0,0
2023-09-18,False,-72.1888571428572,3,0,0,0,none,0,-74.46385714285707,1.0,S2_BearishDefend,1.0,oracle,1,-1,4.0,2023-09-18T13:15:00+00:00,60.0,75.0,45.0,0,0
2023-09-19,False,4.505000000000109,2,0,0,0,none,1,0.2799999999999727,-1.0,S1_BullishDefend,1.0,oracle,1,1,0.0,2023-09-19T12:15:00+00:00,0.0,15.0,60.0,1,0
2023-09-20,True,0.0,0,0,0,0,none,0,,,NewsFiltered,0.0,none,0,0,,,,,,0,0
2023-09-21,False,0.0,0,0,0,0,none,0,,1.0,S1_BullishDefend,1.0,oracle,1,1,,,,,,0,0
2023-09-22,False,0.0,0,0,0,0,none,0,,-1.0,S1_BullishDefend,1.0,oracle,1,1,,,,,,0,0
2023-09-25,False,0.0,0,0,0,0,none,0,,-1.0,S2_BearishDefend,1.0,oracle,1,-1,,,,,,0,0
2023-09-26,False,-15.650000000000091,1,0,0,0,none,1,-15.650000000000091,-1.0,S1_BullishDefend,1.0,oracle,1,1,0.0,2023-09-26T12:15:00+00:00,0.0,15.0,540.0,1,0
2023-09-27,False,14.565499999999428,3,1,0,1,low,1,8.655499999999801,-1.0,S2_BearishDefend,1.0,oracle,1,-1,0.0,2023-09-27T12:15:00+00:00,0.0,15.0,165.0,1,0
2023-09-28,False,2.4450000000001637,3,1,1,0,high,1,0.6549999999999727,-1.0,S1_BullishDefend,1.0,oracle,1,1,0.0,2023-09-28T12:15:00+00:00,0.0,15.0,45.0,1,0
2023-09-29,False,0.0,0,1,0,1,low,0,,-1.0,S8_SweepLow,1.0,oracle,1,1,,,,,,0,0
2023-10-02,False,13.690000000000282,1,0,0,0,none,1,13.690000000000282,-1.0,S2_BearishDefend,1.0,oracle,1,-1,0.0,2023-10-02T12:15:00+00:00,0.0,15.0,540.0,1,0
2023-10-03,False,5.719000000000051,1,1,0,1,low,0,5.719000000000051,-1.0,S2_BearishDefend,1.0,oracle,1,-1,25.0,2023-10-03T18:30:00+00:00,375.0,390.0,30.0,0,0
2023-10-04,False,0.0,0,0,0,0,none,0,,1.0,S1_BullishDefend,1.0,oracle,1,1,,,,,,0,0
2023-10-05,False,0.0,0,0,0,0,none,0,,1.0,S1_BullishDefend,1.0,oracle,1,1,,,,,,0,0
2023-10-06,True,0.0,0,0,0,0,none,0,,,NewsFiltered,0.0,none,0,0,,,,,,0,0
2023-10-09,False,0.0,0,1,1,0,high,0,,1.0,S7_SweepHigh,1.0,oracle,1,-1,,,,,,0,0
2023-10-10,False,6.727499999999964,1,1,0,1,low,0,6.727499999999964,-1.0,S8_SweepLow,1.0,oracle,1,1,29.0,2023-10-10T19:30:00+00:00,435.0,450.0,105.0,0,0
2023-10-11,False,0.0,0,1,1,0,high,0,,1.0,S1_BullishDefend,1.0,oracle,1,1,,,,,,0,0
2023-10-12,True,0.0,0,0,0,0,none,0,,,NewsFiltered,0.0,none,0,0,,,,,,0,0
2023-10-13,False,-19.5573571428572,3,1,0,1,low,1,-15.485000000000127,1.0,S2_BearishDefend,1.0,oracle,1,-1,0.0,2023-10-13T12:15:00+00:00,0.0,15.0,405.0,1,0
2023-10-16,False,0.0,0,0,0,0,none,0,,-1.0,S1_BullishDefend,1.0,oracle,1,1,,,,,,0,0
2023-10-17,False,0.0,0,1,1,0,high,0,,-1.0,S1_BullishDefend,1.0,oracle,1,1,,,,,,0,0
2023-10-18,False,0.0,0,0,0,0,none,0,,1.0,S1_BullishDefend,1.0,oracle,1,1,,,,,,0,0
2023-10-19,False,0.0,0,0,0,0,none,0,,-1.0,S2_BearishDefend,1.0,oracle,1,-1,,,,,,0,0
2023-10-20,False,0.0,0,0,0,0,none,0,,1.0,S3_BullishBreak,1.0,oracle,1,1,,,,,,0,0
2023-10-23,False,0.0,0,0,0,0,none,0,,1.0,S1_BullishDefend,1.0,oracle,1,1,,,,,,0,0
2023-10-24,False,21.383500000000048,3,0,0,0,none,1,0.8825000000001637,1.0,S1_BullishDefend,1.0,oracle,1,1,0.0,2023-10-24T12:15:00+00:00,0.0,15.0,45.0,1,0
2023-10-25,False,0.0,0,0,0,0,none,0,,-1.0,S2_BearishDefend,1.0,oracle,1,-1,,,,,,0,0
2023-10-26,False,4.690000000000055,1,1,0,1,low,0,4.690000000000055,-1.0,S8_SweepLow,1.0,oracle,1,1,8.0,2023-10-26T14:15:00+00:00,120.0,135.0,225.0,0,0
2023-10-27,False,0.0,0,0,0,0,none,0,,1.0,S1_BullishDefend,1.0,oracle,1,1,,,,,,0,0
2023-10-30,False,0.0,0,1,0,1,low,0,,-1.0,S8_SweepLow,1.0,oracle,1,1,,,,,,0,0
2023-10-31,False,0.0,0,1,1,0,high,0,,-1.0,S1_BullishDefend,1.0,oracle,1,1,,,,,,0,0
2023-11-01,True,0.0,0,0,0,0,none,0,,,NewsFiltered,0.0,none,0,0,,,,,,0,0
2023-11-02,False,0.0,0,1,0,1,low,0,,-1.0,S2_BearishDefend,1.0,oracle,1,-1,,,,,,0,0
2023-11-03,True,0.0,0,0,0,0,none,0,,,NewsFiltered,0.0,none,0,0,,,,,,0,0
2023-11-06,False,16.509071428571314,2,0,0,0,none,1,7.462499999999954,-1.0,S1_BullishDefend,1.0,oracle,1,1,0.0,2023-11-06T12:15:00+00:00,0.0,15.0,225.0,1,0
2023-11-07,False,0.0,0,0,0,0,none,0,,1.0,S2_BearishDefend,1.0,oracle,1,-1,,,,,,0,0
2023-11-08,False,26.146714285714417,3,1,1,0,high,1,8.076999999999998,1.0,S7_SweepHigh,1.0,oracle,1,-1,0.0,2023-11-08T12:15:00+00:00,0.0,15.0,165.0,1,0
2023-11-09,False,-5.973428571428258,2,0,0,0,none,0,-3.5234285714284397,1.0,S1_BullishDefend,1.0,oracle,1,1,12.0,2023-11-09T15:15:00+00:00,180.0,195.0,60.0,0,0
2023-11-10,False,23.408999999999878,3,1,1,0,high,1,5.630000000000109,1.0,S1_BullishDefend,1.0,oracle,1,1,0.0,2023-11-10T12:15:00+00:00,0.0,15.0,285.0,1,0
2023-11-13,False,0.0,0,0,0,0,none,0,,-1.0,S2_BearishDefend,1.0,oracle,1,-1,,,,,,0,0
2023-11-14,True,0.0,0,0,0,0,none,0,,,NewsFiltered,0.0,none,0,0,,,,,,0,0
2023-11-15,False,0.0,0,1,1,0,high,0,,-1.0,S3_BullishBreak,1.0,oracle,1,1,,,,,,0,0
2023-11-16,False,0.0,0,0,0,0,none,0,,-1.0,S1_BullishDefend,1.0,oracle,1,1,,,,,,0,0
2023-11-17,False,0.0,0,0,0,0,none,0,,-1.0,S4_BearishBreak,1.0,oracle,1,-1,,,,,,0,0
2023-11-20,False,0.0,0,1,0,1,low,0,,-1.0,S8_SweepLow,1.0,oracle,1,1,,,,,,0,0
2023-11-21,False,0.0,0,0,0,0,none,0,,-1.0,S1_BullishDefend,1.0,oracle,1,1,,,,,,0,0
2023-11-22,False,0.0,0,0,0,0,none,0,,1.0,S1_BullishDefend,1.0,oracle,1,1,,,,,,0,0
2023-11-23,False,2.9408571428572032,1,1,1,0,high,1,2.9408571428572032,1.0,S1_BullishDefend,1.0,oracle,1,1,1.0,2023-11-23T12:30:00+00:00,15.0,30.0,345.0,1,0
2023-11-24,False,-1.3400000000001455,1,0,0,0,none,0,-1.3400000000001455,-1.0,S1_BullishDefend,1.0,oracle,1,1,8.0,2023-11-24T14:15:00+00:00,120.0,135.0,420.0,0,0
2023-11-27,False,0.0,0,1,1,0,high,0,,1.0,S7_SweepHigh,1.0,oracle,1,-1,,,,,,0,0
2023-11-28,False,0.0,0,0,0,0,none,0,,-1.0,S1_BullishDefend,1.0,oracle,1,1,,,,,,0,0
2023-11-29,False,14.878285714285493,2,0,0,0,none,1,4.2000000000000455,1.0,S3_BullishBreak,1.0,oracle,1,1,0.0,2023-11-29T12:15:00+00:00,0.0,15.0,135.0,1,0
2023-11-30,False,7.681142857142823,3,0,0,0,none,1,3.77571428571423,1.0,S1_BullishDefend,1.0,oracle,1,1,0.0,2023-11-30T12:15:00+00:00,0.0,15.0,285.0,1,0
2023-12-01,False,0.0,0,0,0,0,none,0,,1.0,S2_BearishDefend,1.0,oracle,1,-1,,,,,,0,0
2023-12-04,False,0.0,0,0,0,0,none,0,,-1.0,S4_BearishBreak,1.0,oracle,1,-1,,,,,,0,0
2023-12-05,False,0.0,0,0,0,0,none,0,,1.0,S1_BullishDefend,1.0,oracle,1,1,,,,,,0,0
2023-12-06,False,11.879999999999882,3,0,0,0,none,1,0.14250000000015461,-1.0,S1_BullishDefend,1.0,oracle,1,1,0.0,2023-12-06T12:15:00+00:00,0.0,15.0,45.0,1,0
2023-12-07,False,0.0,0,1,1,0,high,0,,1.0,S1_BullishDefend,1.0,oracle,1,1,,,,,,0,0
2023-12-08,True,0.0,0,0,0,0,none,0,,,NewsFiltered,0.0,none,0,0,,,,,,0,0
2023-12-11,False,0.0,0,0,0,0,none,0,,-1.0,S2_BearishDefend,1.0,oracle,1,-1,,,,,,0,0
2023-12-12,True,0.0,0,0,0,0,none,0,,,NewsFiltered,0.0,none,0,0,,,,,,0,0
2023-12-13,True,0.0,0,0,0,0,none,0,,,NewsFiltered,0.0,none,0,0,,,,,,0,0
2023-12-14,False,0.0,0,0,0,0,none,0,,1.0,S1_BullishDefend,1.0,oracle,1,1,,,,,,0,0
2023-12-15,False,8.3449999999998,3,0,0,0,none,0,1.9024999999999181,-1.0,S1_BullishDefend,1.0,oracle,1,1,5.0,2023-12-15T13:30:00+00:00,75.0,90.0,105.0,0,0
2023-12-18,False,0.0,0,1,0,1,low,0,,-1.0,S8_SweepLow,1.0,oracle,1,1,,,,,,0,0
2023-12-19,False,0.0,0,1,1,0,high,0,,1.0,S1_BullishDefend,1.0,oracle,1,1,,,,,,0,0
2023-12-20,False,0.0,0,1,1,0,high,0,,1.0,S1_BullishDefend,1.0,oracle,1,1,,,,,,0,0
2023-12-21,False,13.538071428571357,3,0,0,0,none,1,6.720000000000027,-1.0,S2_BearishDefend,1.0,oracle,1,-1,0.0,2023-12-21T12:15:00+00:00,0.0,15.0,270.0,1,0
2023-12-22,False,0.0,0,0,0,0,none,0,,1.0,S1_BullishDefend,1.0,oracle,1,1,,,,,,0,0
2023-12-25,False,6.274999999999864,2,0,0,0,none,0,4.382499999999936,1.0,S2_BearishDefend,1.0,oracle,1,-1,5.0,2023-12-25T13:30:00+00:00,75.0,90.0,75.0,0,0
2023-12-26,False,0.0,0,0,0,0,none,0,,1.0,S1_BullishDefend,1.0,oracle,1,1,,,,,,0,0
2023-12-27,False,0.0,0,1,0,1,low,0,,1.0,S2_BearishDefend,1.0,oracle,1,-1,,,,,,0,0
2023-12-28,False,0.0,0,0,0,0,none,0,,-1.0,S1_BullishDefend,1.0,oracle,1,1,,,,,,0,0
2023-12-29,False,0.0,0,1,1,0,high,0,,1.0,S7_SweepHigh,1.0,oracle,1,-1,,,,,,0,0
