direction,entry,exit,sl,pnl,r_multiple,reason,date,opened_in_ny_open,is_first_trade,entry_step,exit_step,holding_steps,holding_minutes,entry_time,exit_time,entry_delay_from_anchor_min,entry_delay_from_ny_open_min,matches_opening_intent,opening_scenario_label,opening_scenario_confidence,opening_setup_family,opening_trade_expected,opening_side_bias,opening_style_bias,opening_aggression,opening_urgency,sweep_high_day,sweep_low_day,sweep_direction
long,1799.74,1799.74,1799.74,0.0,0.0,sl_hit,2022-01-03,True,1,0,5,6,90.0,2022-01-03T12:15:00+00:00,2022-01-03T13:30:00+00:00,0.0,15.0,0,Mixed/Ranging,0.0,mixed,0,0,0.0,0.0,0.0,0,0,none
long,1800.09,1800.09,1800.09,0.0,0.0,sl_hit,2022-01-03,False,0,6,21,16,240.0,2022-01-03T13:45:00+00:00,2022-01-03T17:30:00+00:00,90.0,105.0,0,Mixed/Ranging,0.0,mixed,0,0,0.0,0.0,0.0,0,0,none
long,1798.99,1796.6190000000001,1796.6190000000001,-2.370999999999867,-1.0,sl_hit,2022-01-03,False,0,22,24,3,45.0,2022-01-03T17:45:00+00:00,2022-01-03T18:15:00+00:00,330.0,345.0,0,Mixed/Ranging,0.0,mixed,0,0,0.0,0.0,0.0,0,0,none
short,1907.6,1907.6,1907.6,0.0,0.0,sl_hit,2022-01-13,True,1,0,8,9,135.0,2022-01-13T12:15:00+00:00,2022-01-13T14:15:00+00:00,0.0,15.0,0,Mixed/Ranging,0.0,mixed,0,0,0.0,0.0,0.0,0,0,none
long,1905.21,1905.21,1905.21,0.0,0.0,sl_hit,2022-01-13,False,0,9,14,6,90.0,2022-01-13T14:30:00+00:00,2022-01-13T15:45:00+00:00,135.0,150.0,0,Mixed/Ranging,0.0,mixed,0,0,0.0,0.0,0.0,0,0,none
long,1902.76,1916.27,1902.76,2.701999999999998,0.0,tp3_hit,2022-01-13,False,0,15,34,20,300.0,2022-01-13T16:00:00+00:00,2022-01-13T20:45:00+00:00,225.0,240.0,0,Mixed/Ranging,0.0,mixed,0,0,0.0,0.0,0.0,1,0,high
long,1980.63,1975.7985714285714,1970.542,-0.966285714285732,-0.09578565764132767,tp3_hit,2022-01-18,False,1,4,6,3,45.0,2022-01-18T13:15:00+00:00,2022-01-18T13:45:00+00:00,60.0,75.0,0,Mixed/Ranging,0.0,mixed,0,0,0.0,0.0,0.0,0,0,none
long,1980.61,1975.905,1970.542,-0.9409999999999855,-0.09346444179578735,tp3_hit,2022-01-18,False,0,8,10,3,45.0,2022-01-18T14:15:00+00:00,2022-01-18T14:45:00+00:00,120.0,135.0,0,Mixed/Ranging,0.0,mixed,0,0,0.0,0.0,0.0,0,0,none
long,1984.22,1975.7985714285714,1970.542,-1.6842857142857157,-0.12313830342781855,tp3_hit,2022-01-18,False,0,11,13,3,45.0,2022-01-18T15:00:00+00:00,2022-01-18T15:30:00+00:00,165.0,180.0,0,Mixed/Ranging,0.0,mixed,0,0,0.0,0.0,0.0,0,0,none
short,1989.23,1989.23,1989.23,0.0,0.0,sl_hit,2022-01-20,True,1,0,2,3,45.0,2022-01-20T12:15:00+00:00,2022-01-20T12:45:00+00:00,0.0,15.0,0,Mixed/Ranging,0.0,mixed,0,0,0.0,0.0,0.0,0,0,none
long,1991.44,1991.44,1991.44,0.0,0.0,sl_hit,2022-01-20,True,0,3,33,31,465.0,2022-01-20T13:00:00+00:00,2022-01-20T20:30:00+00:00,45.0,60.0,0,Mixed/Ranging,0.0,mixed,0,0,0.0,0.0,0.0,1,0,high
short,1991.69,1991.69,1991.69,0.0,0.0,sl_hit,2022-01-24,True,1,0,5,6,90.0,2022-01-24T12:15:00+00:00,2022-01-24T13:30:00+00:00,0.0,15.0,0,Mixed/Ranging,0.0,mixed,0,0,0.0,0.0,0.0,0,0,none
long,1991.51,1980.097,1980.097,-11.413000000000011,-1.0,sl_hit,2022-01-24,False,0,7,23,17,255.0,2022-01-24T14:00:00+00:00,2022-01-24T18:00:00+00:00,105.0,120.0,0,Mixed/Ranging,0.0,mixed,0,0,0.0,0.0,0.0,0,0,none
long,2006.32,2006.32,2006.32,0.0,0.0,sl_hit,2022-01-25,False,1,15,25,11,165.0,2022-01-25T16:00:00+00:00,2022-01-25T18:30:00+00:00,225.0,240.0,0,Mixed/Ranging,0.0,mixed,0,0,0.0,0.0,0.0,0,0,none
long,2018.49,2019.185,2007.021,0.13899999999998727,0.012119626820122648,tp3_hit,2022-01-27,True,1,0,3,4,60.0,2022-01-27T12:15:00+00:00,2022-01-27T13:00:00+00:00,0.0,15.0,0,Mixed/Ranging,0.0,mixed,0,0,0.0,0.0,0.0,0,0,none
short,2019.69,2019.69,2019.69,0.0,0.0,sl_hit,2022-01-27,False,0,4,9,6,90.0,2022-01-27T13:15:00+00:00,2022-01-27T14:30:00+00:00,60.0,75.0,0,Mixed/Ranging,0.0,mixed,0,0,0.0,0.0,0.0,0,0,none
short,2018.0,2018.0,2018.0,0.0,0.0,sl_hit,2022-01-27,False,0,10,34,25,375.0,2022-01-27T14:45:00+00:00,2022-01-27T20:45:00+00:00,150.0,165.0,0,Mixed/Ranging,0.0,mixed,0,0,0.0,0.0,0.0,0,1,low
short,2022.17,2022.17,2022.17,0.0,0.0,sl_hit,2022-02-02,False,1,15,17,3,45.0,2022-02-02T16:00:00+00:00,2022-02-02T16:30:00+00:00,225.0,240.0,0,Mixed/Ranging,0.0,mixed,0,0,0.0,0.0,0.0,0,0,none
long,2020.32,2020.32,2020.32,0.0,0.0,sl_hit,2022-02-02,False,0,18,20,3,45.0,2022-02-02T16:45:00+00:00,2022-02-02T17:15:00+00:00,270.0,285.0,0,Mixed/Ranging,0.0,mixed,0,0,0.0,0.0,0.0,0,0,none
long,2016.97,2011.442,2011.442,-5.52800000000002,-1.0,sl_hit,2022-02-02,False,0,22,30,9,135.0,2022-02-02T17:45:00+00:00,2022-02-02T19:45:00+00:00,330.0,345.0,0,Mixed/Ranging,0.0,mixed,0,0,0.0,0.0,0.0,0,0,none
long,2050.41,2045.1414285714286,2037.89,-1.0537142857142499,-0.0841624828845264,tp3_hit,2022-02-07,True,1,0,2,3,45.0,2022-02-07T12:15:00+00:00,2022-02-07T12:45:00+00:00,0.0,15.0,0,Mixed/Ranging,0.0,mixed,0,0,0.0,0.0,0.0,0,0,none
long,2054.38,2045.0107142857144,2037.89,-1.8738571428571504,-0.11363596985185867,tp3_hit,2022-02-07,True,0,3,5,3,45.0,2022-02-07T13:00:00+00:00,2022-02-07T13:30:00+00:00,45.0,60.0,0,Mixed/Ranging,0.0,mixed,0,0,0.0,0.0,0.0,0,0,none
long,1945.65,1945.65,1945.65,0.0,0.0,sl_hit,2022-02-17,True,1,0,12,13,195.0,2022-02-17T12:15:00+00:00,2022-02-17T15:15:00+00:00,0.0,15.0,0,Mixed/Ranging,0.0,mixed,0,0,0.0,0.0,0.0,0,0,none
long,1942.58,1942.58,1942.58,0.0,0.0,sl_hit,2022-02-17,False,0,13,15,3,45.0,2022-02-17T15:30:00+00:00,2022-02-17T16:00:00+00:00,195.0,210.0,0,Mixed/Ranging,0.0,mixed,0,0,0.0,0.0,0.0,0,0,none
long,1945.52,1955.3128571428572,1945.52,1.9585714285714404,0.0,tp3_hit,2022-02-17,False,0,16,27,12,180.0,2022-02-17T16:15:00+00:00,2022-02-17T19:00:00+00:00,240.0,255.0,0,Mixed/Ranging,0.0,mixed,0,0,0.0,0.0,0.0,0,0,none
long,1943.06,1943.06,1943.06,0.0,0.0,sl_hit,2022-02-18,True,1,0,12,13,195.0,2022-02-18T12:15:00+00:00,2022-02-18T15:15:00+00:00,0.0,15.0,0,Mixed/Ranging,0.0,mixed,0,0,0.0,0.0,0.0,0,0,none
long,1942.36,1938.84,1931.162,-3.519999999999982,-0.31434184675835186,time_exit,2022-02-18,False,0,14,35,22,330.0,2022-02-18T15:45:00+00:00,2022-02-18T20:45:00+00:00,210.0,225.0,0,Mixed/Ranging,0.0,mixed,0,0,0.0,0.0,0.0,0,0,none
long,1956.68,1956.68,1956.68,0.0,0.0,sl_hit,2022-02-23,True,1,0,2,3,45.0,2022-02-23T12:15:00+00:00,2022-02-23T12:45:00+00:00,0.0,15.0,0,Mixed/Ranging,0.0,mixed,0,0,0.0,0.0,0.0,0,0,none
long,1967.82,1967.82,1967.82,0.0,0.0,sl_hit,2022-02-23,False,0,20,22,3,45.0,2022-02-23T17:15:00+00:00,2022-02-23T17:45:00+00:00,300.0,315.0,0,Mixed/Ranging,0.0,mixed,0,0,0.0,0.0,0.0,1,0,high
long,1961.78,1957.83,1948.685,-3.9500000000000455,-0.30164184803360344,time_exit,2022-02-23,False,0,30,35,6,90.0,2022-02-23T19:45:00+00:00,2022-02-23T20:45:00+00:00,450.0,465.0,0,Mixed/Ranging,0.0,mixed,0,0,0.0,0.0,0.0,1,0,high
long,1925.1,1934.8,1925.1,1.9400000000000093,0.0,time_exit,2022-02-28,False,1,6,35,30,450.0,2022-02-28T13:45:00+00:00,2022-02-28T20:45:00+00:00,90.0,105.0,0,Mixed/Ranging,0.0,mixed,0,0,0.0,0.0,0.0,0,0,none
short,1929.71,1929.71,1929.71,0.0,0.0,sl_hit,2022-03-01,True,1,0,8,9,135.0,2022-03-01T12:15:00+00:00,2022-03-01T14:15:00+00:00,0.0,15.0,0,Mixed/Ranging,0.0,mixed,0,0,0.0,0.0,0.0,0,0,none
short,1929.87,1916.51,1929.87,2.67199999999998,0.0,time_exit,2022-03-01,False,0,9,35,27,405.0,2022-03-01T14:30:00+00:00,2022-03-01T20:45:00+00:00,135.0,150.0,0,Mixed/Ranging,0.0,mixed,0,0,0.0,0.0,0.0,0,1,low
short,1900.03,1900.03,1900.03,0.0,0.0,sl_hit,2022-03-07,False,1,4,27,24,360.0,2022-03-07T13:15:00+00:00,2022-03-07T19:00:00+00:00,60.0,75.0,0,Mixed/Ranging,0.0,mixed,0,0,0.0,0.0,0.0,0,0,none
long,1901.73,1901.73,1901.73,0.0,0.0,sl_hit,2022-03-07,False,0,28,30,3,45.0,2022-03-07T19:15:00+00:00,2022-03-07T19:45:00+00:00,420.0,435.0,0,Mixed/Ranging,0.0,mixed,0,0,0.0,0.0,0.0,0,0,none
long,1862.11,1862.11,1862.11,0.0,0.0,sl_hit,2022-03-15,False,1,22,25,4,60.0,2022-03-15T17:45:00+00:00,2022-03-15T18:30:00+00:00,330.0,345.0,0,Mixed/Ranging,0.0,mixed,0,0,0.0,0.0,0.0,0,0,none
long,1830.5,1830.5,1830.5,0.0,0.0,sl_hit,2022-03-22,True,1,0,6,7,105.0,2022-03-22T12:15:00+00:00,2022-03-22T13:45:00+00:00,0.0,15.0,0,Mixed/Ranging,0.0,mixed,0,0,0.0,0.0,0.0,0,0,none
long,1836.22,1847.93,1836.22,5.855000000000018,0.0,time_exit,2022-03-22,False,0,7,35,29,435.0,2022-03-22T14:00:00+00:00,2022-03-22T20:45:00+00:00,105.0,120.0,0,Mixed/Ranging,0.0,mixed,0,0,0.0,0.0,0.0,0,0,none
short,1860.01,1860.01,1860.01,0.0,0.0,sl_hit,2022-03-23,True,1,0,5,6,90.0,2022-03-23T12:15:00+00:00,2022-03-23T13:30:00+00:00,0.0,15.0,0,Mixed/Ranging,0.0,mixed,0,0,0.0,0.0,0.0,0,0,none
long,1857.44,1862.5142857142857,1850.874,1.0148571428571358,0.1545624646447047,tp3_hit,2022-03-23,False,0,6,11,6,90.0,2022-03-23T13:45:00+00:00,2022-03-23T15:00:00+00:00,90.0,105.0,0,Mixed/Ranging,0.0,mixed,0,0,0.0,0.0,0.0,0,0,none
long,1859.16,1862.3014285714285,1850.874,0.6282857142856756,0.07582497155269988,tp3_hit,2022-03-23,False,0,12,20,9,135.0,2022-03-23T15:15:00+00:00,2022-03-23T17:15:00+00:00,180.0,195.0,0,Mixed/Ranging,0.0,mixed,0,0,0.0,0.0,0.0,0,0,none
long,1918.72,1921.1721428571427,1905.5420000000001,0.4904285714285379,0.037215705830060876,tp3_hit,2022-03-31,False,1,16,30,15,225.0,2022-03-31T16:15:00+00:00,2022-03-31T19:45:00+00:00,240.0,255.0,0,Mixed/Ranging,0.0,mixed,0,0,0.0,0.0,0.0,0,0,none
long,1980.54,1980.54,1980.54,0.0,0.0,sl_hit,2022-04-06,False,1,17,21,5,75.0,2022-04-06T16:30:00+00:00,2022-04-06T17:30:00+00:00,255.0,270.0,0,Mixed/Ranging,0.0,mixed,0,0,0.0,0.0,0.0,0,0,none
long,1978.22,1975.031,1975.031,-3.189000000000078,-1.0,sl_hit,2022-04-06,False,0,22,26,5,75.0,2022-04-06T17:45:00+00:00,2022-04-06T18:45:00+00:00,330.0,345.0,0,Mixed/Ranging,0.0,mixed,0,0,0.0,0.0,0.0,0,0,none
long,1978.72,1975.031,1975.031,-3.689000000000078,-1.0,sl_hit,2022-04-06,False,0,27,30,4,60.0,2022-04-06T19:00:00+00:00,2022-04-06T19:45:00+00:00,405.0,420.0,0,Mixed/Ranging,0.0,mixed,0,0,0.0,0.0,0.0,0,1,low
short,1949.71,1960.5107142857144,1962.5629999999999,-2.1601428571428642,-0.16806526547443332,tp3_hit,2022-04-07,True,1,3,5,3,45.0,2022-04-07T13:00:00+00:00,2022-04-07T13:30:00+00:00,45.0,60.0,0,Mixed/Ranging,0.0,mixed,0,0,0.0,0.0,0.0,0,0,none
short,1953.65,1953.65,1953.65,0.0,0.0,sl_hit,2022-04-07,False,0,6,8,3,45.0,2022-04-07T13:45:00+00:00,2022-04-07T14:15:00+00:00,90.0,105.0,0,Mixed/Ranging,0.0,mixed,0,0,0.0,0.0,0.0,0,0,none
long,1959.26,1959.26,1959.26,0.0,0.0,sl_hit,2022-04-14,False,1,5,7,3,45.0,2022-04-14T13:30:00+00:00,2022-04-14T14:00:00+00:00,75.0,90.0,0,Mixed/Ranging,0.0,mixed,0,0,0.0,0.0,0.0,0,0,none
long,1956.62,1954.0,1945.817,-0.5239999999999781,-0.04850504489493509,time_exit,2022-04-14,False,0,8,35,28,420.0,2022-04-14T14:15:00+00:00,2022-04-14T20:45:00+00:00,120.0,135.0,0,Mixed/Ranging,0.0,mixed,0,0,0.0,0.0,0.0,0,0,none
long,1949.6,1949.6,1949.6,0.0,0.0,sl_hit,2022-04-20,False,1,10,21,12,180.0,2022-04-20T14:45:00+00:00,2022-04-20T17:30:00+00:00,150.0,165.0,0,Mixed/Ranging,0.0,mixed,0,0,0.0,0.0,0.0,0,0,none
long,1948.97,1944.987,1944.987,-3.9829999999999472,-1.0,sl_hit,2022-04-20,False,0,22,25,4,60.0,2022-04-20T17:45:00+00:00,2022-04-20T18:30:00+00:00,330.0,345.0,0,Mixed/Ranging,0.0,mixed,0,0,0.0,0.0,0.0,0,0,none
long,1948.47,1944.987,1944.987,-3.4829999999999472,-1.0,sl_hit,2022-04-20,False,0,26,27,2,30.0,2022-04-20T18:45:00+00:00,2022-04-20T19:00:00+00:00,390.0,405.0,0,Mixed/Ranging,0.0,mixed,0,0,0.0,0.0,0.0,0,1,low
long,1946.37,1941.92,1927.9009999999998,-4.449999999999818,-0.24094428501812798,time_exit,2022-04-21,False,1,26,35,10,150.0,2022-04-21T18:45:00+00:00,2022-04-21T20:45:00+00:00,390.0,405.0,0,Mixed/Ranging,0.0,mixed,0,0,0.0,0.0,0.0,1,0,high
long,1941.73,1941.73,1941.73,0.0,0.0,sl_hit,2022-04-22,False,1,5,8,4,60.0,2022-04-22T13:30:00+00:00,2022-04-22T14:15:00+00:00,75.0,90.0,0,Mixed/Ranging,0.0,mixed,0,0,0.0,0.0,0.0,0,0,none
long,1941.55,1941.55,1941.55,0.0,0.0,sl_hit,2022-04-22,False,0,9,14,6,90.0,2022-04-22T14:30:00+00:00,2022-04-22T15:45:00+00:00,135.0,150.0,0,Mixed/Ranging,0.0,mixed,0,0,0.0,0.0,0.0,0,0,none
long,1941.5,1932.181,1932.181,-9.31899999999996,-1.0,sl_hit,2022-04-22,False,0,15,23,9,135.0,2022-04-22T16:00:00+00:00,2022-04-22T18:00:00+00:00,225.0,240.0,0,Mixed/Ranging,0.0,mixed,0,0,0.0,0.0,0.0,0,0,none
short,1888.62,1888.62,1888.62,0.0,0.0,sl_hit,2022-04-26,True,1,0,9,10,150.0,2022-04-26T12:15:00+00:00,2022-04-26T14:30:00+00:00,0.0,15.0,0,Mixed/Ranging,0.0,mixed,0,0,0.0,0.0,0.0,0,0,none
short,1928.92,1928.92,1928.92,0.0,0.0,sl_hit,2022-05-03,True,1,0,4,5,75.0,2022-05-03T12:15:00+00:00,2022-05-03T13:15:00+00:00,0.0,15.0,0,Mixed/Ranging,0.0,mixed,0,0,0.0,0.0,0.0,0,0,none
long,1926.33,1915.987,1915.987,-10.342999999999847,-1.0,sl_hit,2022-05-03,False,0,5,20,16,240.0,2022-05-03T13:30:00+00:00,2022-05-03T17:15:00+00:00,75.0,90.0,0,Mixed/Ranging,0.0,mixed,0,0,0.0,0.0,0.0,0,0,none
long,1923.06,1944.2578571428571,1923.06,4.239571428571435,0.0,tp3_hit,2022-05-12,False,1,12,34,23,345.0,2022-05-12T15:15:00+00:00,2022-05-12T20:45:00+00:00,180.0,195.0,0,Mixed/Ranging,0.0,mixed,0,0,0.0,0.0,0.0,1,0,high
long,1936.58,1949.2578571428571,1936.58,2.535571428571439,0.0,tp3_hit,2022-05-13,True,1,0,30,31,465.0,2022-05-13T12:15:00+00:00,2022-05-13T19:45:00+00:00,0.0,15.0,0,Mixed/Ranging,0.0,mixed,0,0,0.0,0.0,0.0,1,0,high
long,1964.72,1964.72,1964.72,0.0,0.0,sl_hit,2022-05-17,False,1,10,17,8,120.0,2022-05-17T14:45:00+00:00,2022-05-17T16:30:00+00:00,150.0,165.0,0,Mixed/Ranging,0.0,mixed,0,0,0.0,0.0,0.0,0,0,none
long,2073.77,2058.955,2058.306,-2.963000000000011,-0.19160631143300713,tp3_hit,2022-05-25,False,1,15,17,3,45.0,2022-05-25T16:00:00+00:00,2022-05-25T16:30:00+00:00,225.0,240.0,0,Mixed/Ranging,0.0,mixed,0,0,0.0,0.0,0.0,0,0,none
long,2075.83,2058.8507142857143,2058.306,-3.3958571428571305,-0.19378321974761198,tp3_hit,2022-05-25,False,0,18,20,3,45.0,2022-05-25T16:45:00+00:00,2022-05-25T17:15:00+00:00,270.0,285.0,0,Mixed/Ranging,0.0,mixed,0,0,0.0,0.0,0.0,0,0,none
long,2076.31,2058.8614285714284,2058.306,-3.4897142857143084,-0.19382994255245095,tp3_hit,2022-05-25,False,0,21,23,3,45.0,2022-05-25T17:30:00+00:00,2022-05-25T18:00:00+00:00,315.0,330.0,0,Mixed/Ranging,0.0,mixed,0,0,0.0,0.0,0.0,1,0,high
long,2075.5,2075.5,2075.5,0.0,0.0,sl_hit,2022-05-26,True,1,2,20,19,285.0,2022-05-26T12:45:00+00:00,2022-05-26T17:15:00+00:00,30.0,45.0,0,Mixed/Ranging,0.0,mixed,0,0,0.0,0.0,0.0,0,0,none
short,2077.23,2077.23,2077.23,0.0,0.0,sl_hit,2022-05-27,True,1,0,9,10,150.0,2022-05-27T12:15:00+00:00,2022-05-27T14:30:00+00:00,0.0,15.0,0,Mixed/Ranging,0.0,mixed,0,0,0.0,0.0,0.0,0,0,none
long,2071.89,2071.89,2071.89,0.0,0.0,sl_hit,2022-05-27,False,0,10,20,11,165.0,2022-05-27T14:45:00+00:00,2022-05-27T17:15:00+00:00,150.0,165.0,0,Mixed/Ranging,0.0,mixed,0,0,0.0,0.0,0.0,0,0,none
long,2076.81,2064.939,2064.939,-11.871000000000095,-1.0,sl_hit,2022-05-27,False,0,21,28,8,120.0,2022-05-27T17:30:00+00:00,2022-05-27T19:15:00+00:00,315.0,330.0,0,Mixed/Ranging,0.0,mixed,0,0,0.0,0.0,0.0,0,0,none
long,2107.34,2107.34,2107.34,0.0,0.0,sl_hit,2022-05-31,False,1,8,19,12,180.0,2022-05-31T14:15:00+00:00,2022-05-31T17:00:00+00:00,120.0,135.0,0,Mixed/Ranging,0.0,mixed,0,0,0.0,0.0,0.0,0,0,none
long,2104.82,2096.4,2094.091,-8.420000000000073,-0.7847888899244908,time_exit,2022-05-31,False,0,20,35,16,240.0,2022-05-31T17:15:00+00:00,2022-05-31T20:45:00+00:00,300.0,315.0,0,Mixed/Ranging,0.0,mixed,0,0,0.0,0.0,0.0,0,0,none
short,2109.24,2093.86,2109.24,7.689999999999827,0.0,time_exit,2022-06-01,True,1,0,35,36,540.0,2022-06-01T12:15:00+00:00,2022-06-01T20:45:00+00:00,0.0,15.0,0,Mixed/Ranging,0.0,mixed,0,0,0.0,0.0,0.0,0,0,none
long,2135.67,2135.67,2135.67,0.0,0.0,sl_hit,2022-06-07,False,1,13,15,3,45.0,2022-06-07T15:30:00+00:00,2022-06-07T16:00:00+00:00,195.0,210.0,0,Mixed/Ranging,0.0,mixed,0,0,0.0,0.0,0.0,0,0,none
long,2143.08,2143.08,2143.08,0.0,0.0,sl_hit,2022-06-07,False,0,16,20,5,75.0,2022-06-07T16:15:00+00:00,2022-06-07T17:15:00+00:00,240.0,255.0,0,Mixed/Ranging,0.0,mixed,0,0,0.0,0.0,0.0,0,0,none
long,2139.75,2139.75,2139.75,0.0,0.0,sl_hit,2022-06-07,False,0,21,23,3,45.0,2022-06-07T17:30:00+00:00,2022-06-07T18:00:00+00:00,315.0,330.0,0,Mixed/Ranging,0.0,mixed,0,0,0.0,0.0,0.0,0,0,none
long,2157.9,2157.9,2157.9,0.0,0.0,sl_hit,2022-06-16,False,1,6,9,4,60.0,2022-06-16T13:45:00+00:00,2022-06-16T14:30:00+00:00,90.0,105.0,0,Mixed/Ranging,0.0,mixed,0,0,0.0,0.0,0.0,0,0,none
long,2161.68,2161.68,2161.68,0.0,0.0,sl_hit,2022-06-16,False,0,11,17,7,105.0,2022-06-16T15:00:00+00:00,2022-06-16T16:30:00+00:00,165.0,180.0,0,Mixed/Ranging,0.0,mixed,0,0,0.0,0.0,0.0,0,0,none
long,2172.32,2172.32,2172.32,0.0,0.0,sl_hit,2022-06-16,False,0,25,27,3,45.0,2022-06-16T18:30:00+00:00,2022-06-16T19:00:00+00:00,375.0,390.0,0,Mixed/Ranging,0.0,mixed,0,0,0.0,0.0,0.0,1,0,high
long,2348.72,2348.72,2348.72,0.0,0.0,sl_hit,2022-07-07,True,1,0,16,17,255.0,2022-07-07T12:15:00+00:00,2022-07-07T16:15:00+00:00,0.0,15.0,0,Mixed/Ranging,0.0,mixed,0,0,0.0,0.0,0.0,0,0,none
long,2347.41,2347.41,2347.41,0.0,0.0,sl_hit,2022-07-07,False,0,17,21,5,75.0,2022-07-07T16:30:00+00:00,2022-07-07T17:30:00+00:00,255.0,270.0,0,Mixed/Ranging,0.0,mixed,0,0,0.0,0.0,0.0,0,0,none
long,2348.91,2346.37,2337.97,-2.5399999999999636,-0.23217550274222587,time_exit,2022-07-07,False,0,22,35,14,210.0,2022-07-07T17:45:00+00:00,2022-07-07T20:45:00+00:00,330.0,345.0,0,Mixed/Ranging,0.0,mixed,0,0,0.0,0.0,0.0,0,0,none
short,2395.78,2395.78,2395.78,0.0,0.0,sl_hit,2022-07-14,True,1,1,3,3,45.0,2022-07-14T12:30:00+00:00,2022-07-14T13:00:00+00:00,15.0,30.0,0,Mixed/Ranging,0.0,mixed,0,0,0.0,0.0,0.0,0,0,none
long,2388.76,2388.76,2388.76,0.0,0.0,sl_hit,2022-07-14,False,0,4,15,12,180.0,2022-07-14T13:15:00+00:00,2022-07-14T16:00:00+00:00,60.0,75.0,0,Mixed/Ranging,0.0,mixed,0,0,0.0,0.0,0.0,0,0,none
long,2371.51,2371.51,2371.51,0.0,0.0,sl_hit,2022-07-15,False,1,16,20,5,75.0,2022-07-15T16:15:00+00:00,2022-07-15T17:15:00+00:00,240.0,255.0,0,Mixed/Ranging,0.0,mixed,0,0,0.0,0.0,0.0,0,0,none
long,2380.31,2389.16,2380.31,4.4249999999999545,0.0,time_exit,2022-07-15,False,0,21,35,15,225.0,2022-07-15T17:30:00+00:00,2022-07-15T20:45:00+00:00,315.0,330.0,0,Mixed/Ranging,0.0,mixed,0,0,0.0,0.0,0.0,0,0,none
long,2374.71,2349.316,2349.316,-25.394000000000233,-1.0,sl_hit,2022-07-19,True,1,2,22,21,315.0,2022-07-19T12:45:00+00:00,2022-07-19T17:45:00+00:00,30.0,45.0,0,Mixed/Ranging,0.0,mixed,0,0,0.0,0.0,0.0,0,0,none
short,2419.42,2419.42,2419.42,0.0,0.0,sl_hit,2022-07-21,True,1,0,6,7,105.0,2022-07-21T12:15:00+00:00,2022-07-21T13:45:00+00:00,0.0,15.0,0,Mixed/Ranging,0.0,mixed,0,0,0.0,0.0,0.0,0,0,none
long,2413.54,2413.54,2413.54,0.0,0.0,sl_hit,2022-07-21,False,0,7,13,7,105.0,2022-07-21T14:00:00+00:00,2022-07-21T15:30:00+00:00,105.0,120.0,0,Mixed/Ranging,0.0,mixed,0,0,0.0,0.0,0.0,0,0,none
long,2410.71,2410.71,2410.71,0.0,0.0,sl_hit,2022-07-21,False,0,14,18,5,75.0,2022-07-21T15:45:00+00:00,2022-07-21T16:45:00+00:00,210.0,225.0,0,Mixed/Ranging,0.0,mixed,0,0,0.0,0.0,0.0,0,0,none
long,2454.95,2454.95,2454.95,0.0,0.0,sl_hit,2022-07-28,True,1,0,27,28,420.0,2022-07-28T12:15:00+00:00,2022-07-28T19:00:00+00:00,0.0,15.0,0,Mixed/Ranging,0.0,mixed,0,0,0.0,0.0,0.0,1,0,high
long,2459.48,2450.2580000000003,2450.2580000000003,-9.221999999999753,-1.0,sl_hit,2022-07-28,False,0,28,33,6,90.0,2022-07-28T19:15:00+00:00,2022-07-28T20:30:00+00:00,420.0,435.0,0,Mixed/Ranging,0.0,mixed,0,0,0.0,0.0,0.0,1,0,high
long,2397.01,2397.01,2397.01,0.0,0.0,sl_hit,2022-08-02,True,1,2,12,11,165.0,2022-08-02T12:45:00+00:00,2022-08-02T15:15:00+00:00,30.0,45.0,0,Mixed/Ranging,0.0,mixed,0,0,0.0,0.0,0.0,0,0,none
long,2399.92,2399.92,2399.92,0.0,0.0,sl_hit,2022-08-02,False,0,13,15,3,45.0,2022-08-02T15:30:00+00:00,2022-08-02T16:00:00+00:00,195.0,210.0,0,Mixed/Ranging,0.0,mixed,0,0,0.0,0.0,0.0,0,0,none
long,2402.35,2389.368,2389.368,-12.981999999999971,-1.0,sl_hit,2022-08-02,False,0,16,24,9,135.0,2022-08-02T16:15:00+00:00,2022-08-02T18:15:00+00:00,240.0,255.0,0,Mixed/Ranging,0.0,mixed,0,0,0.0,0.0,0.0,0,0,none
long,2420.31,2414.9557142857143,2403.6369999999997,-1.0708571428571305,-0.06422702230295183,tp3_hit,2022-08-04,True,1,0,2,3,45.0,2022-08-04T12:15:00+00:00,2022-08-04T12:45:00+00:00,0.0,15.0,0,Mixed/Ranging,0.0,mixed,0,0,0.0,0.0,0.0,0,0,none
long,2422.46,2415.0750000000003,2403.6369999999997,-1.4769999999999528,-0.07846783190776857,tp3_hit,2022-08-04,True,0,3,5,3,45.0,2022-08-04T13:00:00+00:00,2022-08-04T13:30:00+00:00,45.0,60.0,0,Mixed/Ranging,0.0,mixed,0,0,0.0,0.0,0.0,0,0,none
long,2416.1,2414.874285714286,2403.6369999999997,-0.24514285714276413,-0.019669650737604134,tp3_hit,2022-08-04,False,0,6,8,3,45.0,2022-08-04T13:45:00+00:00,2022-08-04T14:15:00+00:00,90.0,105.0,0,Mixed/Ranging,0.0,mixed,0,0,0.0,0.0,0.0,0,0,none
long,2467.11,2467.11,2467.11,0.0,0.0,sl_hit,2022-08-16,True,1,0,9,10,150.0,2022-08-16T12:15:00+00:00,2022-08-16T14:30:00+00:00,0.0,15.0,0,Mixed/Ranging,0.0,mixed,0,0,0.0,0.0,0.0,0,0,none
long,2467.16,2467.16,2467.16,0.0,0.0,sl_hit,2022-08-16,False,0,10,12,3,45.0,2022-08-16T14:45:00+00:00,2022-08-16T15:15:00+00:00,150.0,165.0,0,Mixed/Ranging,0.0,mixed,0,0,0.0,0.0,0.0,0,0,none
long,2469.29,2469.29,2469.29,0.0,0.0,sl_hit,2022-08-16,False,0,13,27,15,225.0,2022-08-16T15:30:00+00:00,2022-08-16T19:00:00+00:00,195.0,210.0,0,Mixed/Ranging,0.0,mixed,0,0,0.0,0.0,0.0,1,0,high
short,2515.15,2515.15,2515.15,0.0,0.0,sl_hit,2022-08-19,True,1,0,5,6,90.0,2022-08-19T12:15:00+00:00,2022-08-19T13:30:00+00:00,0.0,15.0,0,Mixed/Ranging,0.0,mixed,0,0,0.0,0.0,0.0,0,0,none
long,2509.95,2509.95,2509.95,0.0,0.0,sl_hit,2022-08-19,False,0,6,11,6,90.0,2022-08-19T13:45:00+00:00,2022-08-19T15:00:00+00:00,90.0,105.0,0,Mixed/Ranging,0.0,mixed,0,0,0.0,0.0,0.0,0,0,none
long,2511.39,2501.579,2501.579,-9.810999999999694,-1.0,sl_hit,2022-08-19,False,0,12,21,10,150.0,2022-08-19T15:15:00+00:00,2022-08-19T17:30:00+00:00,180.0,195.0,0,Mixed/Ranging,0.0,mixed,0,0,0.0,0.0,0.0,0,0,none
long,2370.25,2379.43,2370.25,4.589999999999918,0.0,time_exit,2022-08-22,False,1,17,35,19,285.0,2022-08-22T16:30:00+00:00,2022-08-22T20:45:00+00:00,255.0,270.0,0,Mixed/Ranging,0.0,mixed,0,0,0.0,0.0,0.0,0,0,none
long,2370.29,2356.612,2356.612,-13.677999999999884,-1.0,sl_hit,2022-08-26,True,1,3,32,30,450.0,2022-08-26T13:00:00+00:00,2022-08-26T20:15:00+00:00,45.0,60.0,0,Mixed/Ranging,0.0,mixed,0,0,0.0,0.0,0.0,0,0,none
short,2373.35,2373.35,2373.35,0.0,0.0,sl_hit,2022-08-29,True,1,0,2,3,45.0,2022-08-29T12:15:00+00:00,2022-08-29T12:45:00+00:00,0.0,15.0,0,Mixed/Ranging,0.0,mixed,0,0,0.0,0.0,0.0,0,0,none
short,2378.38,2378.38,2378.38,0.0,0.0,sl_hit,2022-08-29,True,0,3,24,22,330.0,2022-08-29T13:00:00+00:00,2022-08-29T18:15:00+00:00,45.0,60.0,0,Mixed/Ranging,0.0,mixed,0,0,0.0,0.0,0.0,0,0,none
long,2376.79,2363.053,2363.053,-13.73700000000008,-1.0,sl_hit,2022-08-29,False,0,25,34,10,150.0,2022-08-29T18:30:00+00:00,2022-08-29T20:45:00+00:00,375.0,390.0,0,Mixed/Ranging,0.0,mixed,0,0,0.0,0.0,0.0,0,0,none
short,2374.61,2374.61,2374.61,0.0,0.0,sl_hit,2022-08-30,False,1,6,12,7,105.0,2022-08-30T13:45:00+00:00,2022-08-30T15:15:00+00:00,90.0,105.0,0,Mixed/Ranging,0.0,mixed,0,0,0.0,0.0,0.0,0,0,none
long,2373.51,2373.51,2373.51,0.0,0.0,sl_hit,2022-08-30,False,0,13,34,22,330.0,2022-08-30T15:30:00+00:00,2022-08-30T20:45:00+00:00,195.0,210.0,0,Mixed/Ranging,0.0,mixed,0,0,0.0,0.0,0.0,1,0,high
short,2390.48,2390.48,2390.48,0.0,0.0,sl_hit,2022-09-01,True,1,0,7,8,120.0,2022-09-01T12:15:00+00:00,2022-09-01T14:00:00+00:00,0.0,15.0,0,Mixed/Ranging,0.0,mixed,0,0,0.0,0.0,0.0,0,0,none
long,2389.76,2386.59,2373.333,-0.6340000000000146,-0.03859499604310034,time_exit,2022-09-01,False,0,8,35,28,420.0,2022-09-01T14:15:00+00:00,2022-09-01T20:45:00+00:00,120.0,135.0,0,Mixed/Ranging,0.0,mixed,0,0,0.0,0.0,0.0,0,0,none
short,2368.41,2370.839285714286,2381.958,-0.48585714285718495,-0.03586190897971485,tp3_hit,2022-09-07,True,1,0,2,3,45.0,2022-09-07T12:15:00+00:00,2022-09-07T12:45:00+00:00,0.0,15.0,0,Mixed/Ranging,0.0,mixed,0,0,0.0,0.0,0.0,0,0,none
short,2374.15,2374.15,2374.15,0.0,0.0,sl_hit,2022-09-07,True,0,3,5,3,45.0,2022-09-07T13:00:00+00:00,2022-09-07T13:30:00+00:00,45.0,60.0,0,Mixed/Ranging,0.0,mixed,0,0,0.0,0.0,0.0,0,0,none
short,2375.15,2375.15,2375.15,0.0,0.0,sl_hit,2022-09-07,False,0,6,12,7,105.0,2022-09-07T13:45:00+00:00,2022-09-07T15:15:00+00:00,90.0,105.0,0,Mixed/Ranging,0.0,mixed,0,0,0.0,0.0,0.0,0,0,none
long,2409.1,2411.2185714285715,2391.18,0.4237142857143226,0.02364477040816523,tp3_hit,2022-09-08,False,1,11,13,3,45.0,2022-09-08T15:00:00+00:00,2022-09-08T15:30:00+00:00,165.0,180.0,0,Mixed/Ranging,0.0,mixed,0,0,0.0,0.0,0.0,0,0,none
long,2410.66,2411.1857142857143,2391.18,0.10514285714289145,0.005397477266062185,tp3_hit,2022-09-08,False,0,14,16,3,45.0,2022-09-08T15:45:00+00:00,2022-09-08T16:15:00+00:00,210.0,225.0,0,Mixed/Ranging,0.0,mixed,0,0,0.0,0.0,0.0,0,0,none
long,2360.55,2360.55,2360.55,0.0,0.0,sl_hit,2022-09-15,True,1,1,9,9,135.0,2022-09-15T12:30:00+00:00,2022-09-15T14:30:00+00:00,15.0,30.0,0,Mixed/Ranging,0.0,mixed,0,0,0.0,0.0,0.0,0,0,none
long,2345.13,2345.13,2345.13,0.0,0.0,sl_hit,2022-09-19,True,1,0,8,9,135.0,2022-09-19T12:15:00+00:00,2022-09-19T14:15:00+00:00,0.0,15.0,0,Mixed/Ranging,0.0,mixed,0,0,0.0,0.0,0.0,0,0,none
long,2346.46,2346.46,2346.46,0.0,0.0,sl_hit,2022-09-19,False,0,9,11,3,45.0,2022-09-19T14:30:00+00:00,2022-09-19T15:00:00+00:00,135.0,150.0,0,Mixed/Ranging,0.0,mixed,0,0,0.0,0.0,0.0,0,0,none
long,2348.43,2364.2,2348.43,3.1539999999999964,0.0,time_exit,2022-09-19,False,0,19,35,17,255.0,2022-09-19T17:00:00+00:00,2022-09-19T20:45:00+00:00,285.0,300.0,0,Mixed/Ranging,0.0,mixed,0,0,0.0,0.0,0.0,1,0,high
long,2322.81,2322.81,2322.81,0.0,0.0,sl_hit,2022-09-22,True,1,0,2,3,45.0,2022-09-22T12:15:00+00:00,2022-09-22T12:45:00+00:00,0.0,15.0,0,Mixed/Ranging,0.0,mixed,0,0,0.0,0.0,0.0,0,0,none
long,2319.68,2319.68,2319.68,0.0,0.0,sl_hit,2022-09-22,True,0,3,8,6,90.0,2022-09-22T13:00:00+00:00,2022-09-22T14:15:00+00:00,45.0,60.0,0,Mixed/Ranging,0.0,mixed,0,0,0.0,0.0,0.0,0,0,none
long,2321.81,2321.81,2321.81,0.0,0.0,sl_hit,2022-09-22,False,0,9,13,5,75.0,2022-09-22T14:30:00+00:00,2022-09-22T15:30:00+00:00,135.0,150.0,0,Mixed/Ranging,0.0,mixed,0,0,0.0,0.0,0.0,0,0,none
short,2465.52,2465.52,2465.52,0.0,0.0,sl_hit,2022-09-30,True,1,0,10,11,165.0,2022-09-30T12:15:00+00:00,2022-09-30T14:45:00+00:00,0.0,15.0,0,Mixed/Ranging,0.0,mixed,0,0,0.0,0.0,0.0,0,0,none
long,2548.93,2548.93,2548.93,0.0,0.0,sl_hit,2022-10-06,True,1,0,24,25,375.0,2022-10-06T12:15:00+00:00,2022-10-06T18:15:00+00:00,0.0,15.0,0,Mixed/Ranging,0.0,mixed,0,0,0.0,0.0,0.0,0,0,none
long,2550.83,2550.83,2550.83,0.0,0.0,sl_hit,2022-10-06,False,0,25,31,7,105.0,2022-10-06T18:30:00+00:00,2022-10-06T20:00:00+00:00,375.0,390.0,0,Mixed/Ranging,0.0,mixed,0,0,0.0,0.0,0.0,1,0,high
long,2482.59,2494.87,2482.59,6.139999999999873,0.0,time_exit,2022-10-12,False,1,16,34,19,285.0,2022-10-12T16:15:00+00:00,2022-10-12T20:45:00+00:00,240.0,255.0,0,Mixed/Ranging,0.0,mixed,0,0,0.0,0.0,0.0,0,0,none
short,2531.27,2531.27,2531.27,0.0,0.0,sl_hit,2022-10-18,True,1,0,5,6,90.0,2022-10-18T12:15:00+00:00,2022-10-18T13:30:00+00:00,0.0,15.0,0,Mixed/Ranging,0.0,mixed,0,0,0.0,0.0,0.0,0,0,none
short,2530.33,2530.33,2530.33,0.0,0.0,sl_hit,2022-10-18,False,0,6,9,4,60.0,2022-10-18T13:45:00+00:00,2022-10-18T14:30:00+00:00,90.0,105.0,0,Mixed/Ranging,0.0,mixed,0,0,0.0,0.0,0.0,0,0,none
long,2526.74,2526.74,2526.74,0.0,0.0,sl_hit,2022-10-18,False,0,10,12,3,45.0,2022-10-18T14:45:00+00:00,2022-10-18T15:15:00+00:00,150.0,165.0,0,Mixed/Ranging,0.0,mixed,0,0,0.0,0.0,0.0,0,0,none
long,2537.45,2542.295714285714,2522.853,0.9691428571428333,0.06639329020640199,tp3_hit,2022-10-19,True,1,0,2,3,45.0,2022-10-19T12:15:00+00:00,2022-10-19T12:45:00+00:00,0.0,15.0,0,Mixed/Ranging,0.0,mixed,0,0,0.0,0.0,0.0,0,0,none
long,2538.48,2542.2364285714284,2522.853,0.7512857142856775,0.04807613196939142,tp3_hit,2022-10-19,True,0,3,19,17,255.0,2022-10-19T13:00:00+00:00,2022-10-19T17:00:00+00:00,45.0,60.0,0,Mixed/Ranging,0.0,mixed,0,0,0.0,0.0,0.0,0,0,none
long,2542.85,2542.85,2542.85,0.0,0.0,sl_hit,2022-10-19,False,0,26,28,3,45.0,2022-10-19T18:45:00+00:00,2022-10-19T19:15:00+00:00,390.0,405.0,0,Mixed/Ranging,0.0,mixed,0,0,0.0,0.0,0.0,1,0,high
long,2517.31,2517.31,2517.31,0.0,0.0,sl_hit,2022-10-21,True,1,1,8,8,120.0,2022-10-21T12:30:00+00:00,2022-10-21T14:15:00+00:00,15.0,30.0,0,Mixed/Ranging,0.0,mixed,0,0,0.0,0.0,0.0,0,0,none
long,2513.36,2513.36,2513.36,0.0,0.0,sl_hit,2022-10-21,False,0,13,18,6,90.0,2022-10-21T15:30:00+00:00,2022-10-21T16:45:00+00:00,195.0,210.0,0,Mixed/Ranging,0.0,mixed,0,0,0.0,0.0,0.0,0,0,none
long,2481.36,2481.36,2481.36,0.0,0.0,sl_hit,2022-10-26,True,1,0,8,9,135.0,2022-10-26T12:15:00+00:00,2022-10-26T14:15:00+00:00,0.0,15.0,0,Mixed/Ranging,0.0,mixed,0,0,0.0,0.0,0.0,0,0,none
long,2482.56,2482.56,2482.56,0.0,0.0,sl_hit,2022-10-26,False,0,9,12,4,60.0,2022-10-26T14:30:00+00:00,2022-10-26T15:15:00+00:00,135.0,150.0,0,Mixed/Ranging,0.0,mixed,0,0,0.0,0.0,0.0,0,0,none
long,2410.73,2399.773,2399.773,-10.95699999999988,-1.0,sl_hit,2022-10-28,False,1,15,31,17,255.0,2022-10-28T16:00:00+00:00,2022-10-28T20:00:00+00:00,225.0,240.0,0,Mixed/Ranging,0.0,mixed,0,0,0.0,0.0,0.0,0,0,none
long,2345.92,2345.92,2345.92,0.0,0.0,sl_hit,2022-10-31,True,1,0,4,5,75.0,2022-10-31T12:15:00+00:00,2022-10-31T13:15:00+00:00,0.0,15.0,0,Mixed/Ranging,0.0,mixed,0,0,0.0,0.0,0.0,0,0,none
long,2346.73,2346.73,2346.73,0.0,0.0,sl_hit,2022-10-31,False,0,5,17,13,195.0,2022-10-31T13:30:00+00:00,2022-10-31T16:30:00+00:00,75.0,90.0,0,Mixed/Ranging,0.0,mixed,0,0,0.0,0.0,0.0,0,0,none
long,2349.91,2349.91,2349.91,0.0,0.0,sl_hit,2022-10-31,False,0,18,31,14,210.0,2022-10-31T16:45:00+00:00,2022-10-31T20:00:00+00:00,270.0,285.0,0,Mixed/Ranging,0.0,mixed,0,0,0.0,0.0,0.0,1,0,high
long,2364.26,2382.969285714286,2364.26,3.741857142857134,0.0,tp3_hit,2022-11-01,True,1,0,23,24,360.0,2022-11-01T12:15:00+00:00,2022-11-01T18:00:00+00:00,0.0,15.0,0,Mixed/Ranging,0.0,mixed,0,0,0.0,0.0,0.0,0,0,none
long,2385.28,2385.28,2385.28,0.0,0.0,sl_hit,2022-11-01,False,0,24,26,3,45.0,2022-11-01T18:15:00+00:00,2022-11-01T18:45:00+00:00,360.0,375.0,0,Mixed/Ranging,0.0,mixed,0,0,0.0,0.0,0.0,0,0,none
short,2392.55,2402.1150000000002,2402.1150000000002,-9.565000000000055,-1.0,sl_hit,2022-11-03,True,1,0,29,30,450.0,2022-11-03T12:15:00+00:00,2022-11-03T19:30:00+00:00,0.0,15.0,0,Mixed/Ranging,0.0,mixed,0,0,0.0,0.0,0.0,0,0,none
long,2403.29,2403.29,2403.29,0.0,0.0,sl_hit,2022-11-03,False,0,30,32,3,45.0,2022-11-03T19:45:00+00:00,2022-11-03T20:15:00+00:00,450.0,465.0,0,Mixed/Ranging,0.0,mixed,0,0,0.0,0.0,0.0,0,0,none
long,2408.67,2397.972142857143,2397.3559999999998,-2.139571428571435,-0.18910831081592513,tp3_hit,2022-11-11,False,1,13,15,3,45.0,2022-11-11T15:30:00+00:00,2022-11-11T16:00:00+00:00,195.0,210.0,0,Mixed/Ranging,0.0,mixed,0,0,0.0,0.0,0.0,0,0,none
long,2405.58,2405.58,2405.58,0.0,0.0,sl_hit,2022-11-11,False,0,16,18,3,45.0,2022-11-11T16:15:00+00:00,2022-11-11T16:45:00+00:00,240.0,255.0,0,Mixed/Ranging,0.0,mixed,0,0,0.0,0.0,0.0,0,0,none
long,2408.37,2398.495,2397.3559999999998,-1.975,-0.17931723261303595,tp3_hit,2022-11-11,False,0,19,21,3,45.0,2022-11-11T17:00:00+00:00,2022-11-11T17:30:00+00:00,285.0,300.0,0,Mixed/Ranging,0.0,mixed,0,0,0.0,0.0,0.0,0,0,none
long,2477.49,2477.49,2477.49,0.0,0.0,sl_hit,2022-11-18,True,1,3,8,6,90.0,2022-11-18T13:00:00+00:00,2022-11-18T14:15:00+00:00,45.0,60.0,0,Mixed/Ranging,0.0,mixed,0,0,0.0,0.0,0.0,0,0,none
long,2479.07,2479.07,2479.07,0.0,0.0,sl_hit,2022-11-18,False,0,9,12,4,60.0,2022-11-18T14:30:00+00:00,2022-11-18T15:15:00+00:00,135.0,150.0,0,Mixed/Ranging,0.0,mixed,0,0,0.0,0.0,0.0,0,0,none
long,2489.51,2505.200714285714,2489.51,3.1381428571427934,0.0,tp3_hit,2022-11-18,False,0,13,25,13,195.0,2022-11-18T15:30:00+00:00,2022-11-18T18:30:00+00:00,195.0,210.0,0,Mixed/Ranging,0.0,mixed,0,0,0.0,0.0,0.0,0,0,none
short,2540.68,2522.08,2540.68,3.719999999999982,0.0,time_exit,2022-11-22,True,1,0,35,36,540.0,2022-11-22T12:15:00+00:00,2022-11-22T20:45:00+00:00,0.0,15.0,0,Mixed/Ranging,0.0,mixed,0,0,0.0,0.0,0.0,0,1,low
long,2533.07,2533.07,2533.07,0.0,0.0,sl_hit,2022-11-23,True,1,0,2,3,45.0,2022-11-23T12:15:00+00:00,2022-11-23T12:45:00+00:00,0.0,15.0,0,Mixed/Ranging,0.0,mixed,0,0,0.0,0.0,0.0,0,0,none
long,2532.66,2532.66,2532.66,0.0,0.0,sl_hit,2022-11-23,True,0,3,29,27,405.0,2022-11-23T13:00:00+00:00,2022-11-23T19:30:00+00:00,45.0,60.0,0,Mixed/Ranging,0.0,mixed,0,0,0.0,0.0,0.0,0,0,none
long,2534.31,2535.9,2534.31,0.7950000000000728,0.0,time_exit,2022-11-23,False,0,30,35,6,90.0,2022-11-23T19:45:00+00:00,2022-11-23T20:45:00+00:00,450.0,465.0,0,Mixed/Ranging,0.0,mixed,0,0,0.0,0.0,0.0,0,0,none
short,2521.85,2521.85,2521.85,0.0,0.0,sl_hit,2022-11-24,True,1,2,4,3,45.0,2022-11-24T12:45:00+00:00,2022-11-24T13:15:00+00:00,30.0,45.0,0,Mixed/Ranging,0.0,mixed,0,0,0.0,0.0,0.0,0,0,none
long,2514.97,2514.97,2514.97,0.0,0.0,sl_hit,2022-11-24,False,0,5,7,3,45.0,2022-11-24T13:30:00+00:00,2022-11-24T14:00:00+00:00,75.0,90.0,0,Mixed/Ranging,0.0,mixed,0,0,0.0,0.0,0.0,0,0,none
short,2515.34,2512.6728571428575,2529.066,0.5334285714285215,0.038862638163232904,tp3_hit,2022-11-24,False,0,8,10,3,45.0,2022-11-24T14:15:00+00:00,2022-11-24T14:45:00+00:00,120.0,135.0,0,Mixed/Ranging,0.0,mixed,0,0,0.0,0.0,0.0,0,0,none
short,2352.14,2364.264285714286,2365.398,-2.424857142857218,-0.1828976574790443,tp3_hit,2022-12-06,True,1,0,2,3,45.0,2022-12-06T12:15:00+00:00,2022-12-06T12:45:00+00:00,0.0,15.0,0,Mixed/Ranging,0.0,mixed,0,0,0.0,0.0,0.0,0,0,none
short,2357.98,2357.98,2357.98,0.0,0.0,sl_hit,2022-12-06,True,0,3,5,3,45.0,2022-12-06T13:00:00+00:00,2022-12-06T13:30:00+00:00,45.0,60.0,0,Mixed/Ranging,0.0,mixed,0,0,0.0,0.0,0.0,0,0,none
short,2354.11,2364.3450000000003,2365.398,-2.0470000000000255,-0.18134301913536707,tp3_hit,2022-12-06,False,0,6,8,3,45.0,2022-12-06T13:45:00+00:00,2022-12-06T14:15:00+00:00,90.0,105.0,0,Mixed/Ranging,0.0,mixed,0,0,0.0,0.0,0.0,0,0,none
short,2381.68,2381.68,2381.68,0.0,0.0,sl_hit,2022-12-07,True,1,0,7,8,120.0,2022-12-07T12:15:00+00:00,2022-12-07T14:00:00+00:00,0.0,15.0,0,Mixed/Ranging,0.0,mixed,0,0,0.0,0.0,0.0,0,0,none
long,2388.06,2388.06,2388.06,0.0,0.0,sl_hit,2022-12-09,False,1,5,14,10,150.0,2022-12-09T13:30:00+00:00,2022-12-09T15:45:00+00:00,75.0,90.0,0,Mixed/Ranging,0.0,mixed,0,0,0.0,0.0,0.0,0,0,none
long,2392.0,2392.0,2392.0,0.0,0.0,sl_hit,2022-12-09,False,0,15,32,18,270.0,2022-12-09T16:00:00+00:00,2022-12-09T20:15:00+00:00,225.0,240.0,0,Mixed/Ranging,0.0,mixed,0,0,0.0,0.0,0.0,0,0,none
long,2435.09,2413.6685714285713,2422.498,-4.284285714285761,-0.340238700308587,tp3_hit,2022-12-12,False,1,10,12,3,45.0,2022-12-12T14:45:00+00:00,2022-12-12T15:15:00+00:00,150.0,165.0,0,Mixed/Ranging,0.0,mixed,0,0,0.0,0.0,0.0,0,0,none
long,2433.34,2413.5214285714283,2422.498,-3.9637142857143774,-0.36558884760324123,tp3_hit,2022-12-12,False,0,13,15,3,45.0,2022-12-12T15:30:00+00:00,2022-12-12T16:00:00+00:00,195.0,210.0,0,Mixed/Ranging,0.0,mixed,0,0,0.0,0.0,0.0,0,0,none
long,2504.53,2486.924,2486.924,-17.606000000000222,-1.0,sl_hit,2022-12-23,False,1,8,26,19,285.0,2022-12-23T14:15:00+00:00,2022-12-23T18:45:00+00:00,120.0,135.0,0,Mixed/Ranging,0.0,mixed,0,0,0.0,0.0,0.0,0,0,none
long,2491.28,2486.924,2486.924,-4.356000000000222,-1.0,sl_hit,2022-12-23,False,0,28,33,6,90.0,2022-12-23T19:15:00+00:00,2022-12-23T20:30:00+00:00,420.0,435.0,0,Mixed/Ranging,0.0,mixed,0,0,0.0,0.0,0.0,0,1,low
long,2419.02,2419.02,2419.02,0.0,0.0,sl_hit,2022-12-28,True,1,0,4,5,75.0,2022-12-28T12:15:00+00:00,2022-12-28T13:15:00+00:00,0.0,15.0,0,Mixed/Ranging,0.0,mixed,0,0,0.0,0.0,0.0,0,0,none
long,2417.01,2417.01,2417.01,0.0,0.0,sl_hit,2022-12-28,False,0,5,21,17,255.0,2022-12-28T13:30:00+00:00,2022-12-28T17:30:00+00:00,75.0,90.0,0,Mixed/Ranging,0.0,mixed,0,0,0.0,0.0,0.0,0,0,none
long,2423.98,2420.15,2413.3199999999997,-3.8299999999999272,-0.3592870544089884,time_exit,2022-12-28,False,0,22,35,14,210.0,2022-12-28T17:45:00+00:00,2022-12-28T20:45:00+00:00,330.0,345.0,0,Mixed/Ranging,0.0,mixed,0,0,0.0,0.0,0.0,0,0,none
long,2414.32,2414.32,2414.32,0.0,0.0,sl_hit,2022-12-30,True,1,0,28,29,435.0,2022-12-30T12:15:00+00:00,2022-12-30T19:15:00+00:00,0.0,15.0,0,Mixed/Ranging,0.0,mixed,0,0,0.0,0.0,0.0,0,0,none
long,2275.74,2279.75,2275.74,2.005000000000109,0.0,time_exit,2023-01-05,False,1,5,35,31,465.0,2023-01-05T13:30:00+00:00,2023-01-05T20:45:00+00:00,75.0,90.0,0,Mixed/Ranging,0.0,mixed,0,0,0.0,0.0,0.0,1,0,high
long,2324.91,2324.1435714285712,2310.4570000000003,-0.15328571428572105,-0.010605806011604936,tp3_hit,2023-01-11,True,1,0,5,6,90.0,2023-01-11T12:15:00+00:00,2023-01-11T13:30:00+00:00,0.0,15.0,0,Mixed/Ranging,0.0,mixed,0,0,0.0,0.0,0.0,0,0,none
long,2318.75,2318.75,2318.75,0.0,0.0,sl_hit,2023-01-11,False,0,6,13,8,120.0,2023-01-11T13:45:00+00:00,2023-01-11T15:30:00+00:00,90.0,105.0,0,Mixed/Ranging,0.0,mixed,0,0,0.0,0.0,0.0,0,0,none
long,2317.27,2317.27,2317.27,0.0,0.0,sl_hit,2023-01-11,False,0,14,18,5,75.0,2023-01-11T15:45:00+00:00,2023-01-11T16:45:00+00:00,210.0,225.0,0,Mixed/Ranging,0.0,mixed,0,0,0.0,0.0,0.0,0,0,none
long,2333.04,2333.04,2333.04,0.0,0.0,sl_hit,2023-01-13,False,1,7,15,9,135.0,2023-01-13T14:00:00+00:00,2023-01-13T16:00:00+00:00,105.0,120.0,0,Mixed/Ranging,0.0,mixed,0,0,0.0,0.0,0.0,0,0,none
long,2338.65,2324.2250000000004,2324.2250000000004,-14.424999999999727,-1.0,sl_hit,2023-01-13,False,0,20,34,15,225.0,2023-01-13T17:15:00+00:00,2023-01-13T20:45:00+00:00,300.0,315.0,0,Mixed/Ranging,0.0,mixed,0,0,0.0,0.0,0.0,0,0,none
long,2354.52,2354.52,2354.52,0.0,0.0,sl_hit,2023-01-16,False,1,20,33,14,210.0,2023-01-16T17:15:00+00:00,2023-01-16T20:30:00+00:00,300.0,315.0,0,Mixed/Ranging,0.0,mixed,0,0,0.0,0.0,0.0,0,0,none
short,2374.72,2374.72,2374.72,0.0,0.0,sl_hit,2023-01-18,True,1,0,7,8,120.0,2023-01-18T12:15:00+00:00,2023-01-18T14:00:00+00:00,0.0,15.0,0,Mixed/Ranging,0.0,mixed,0,0,0.0,0.0,0.0,0,0,none
long,2371.17,2371.1871428571426,2359.648,0.0034285714285033466,0.0002975673866085199,tp3_hit,2023-01-18,False,0,8,10,3,45.0,2023-01-18T14:15:00+00:00,2023-01-18T14:45:00+00:00,120.0,135.0,0,Mixed/Ranging,0.0,mixed,0,0,0.0,0.0,0.0,0,0,none
long,2389.47,2385.6307142857145,2366.611,-0.767857142857065,-0.03359102072956243,tp3_hit,2023-01-19,False,1,26,28,3,45.0,2023-01-19T18:45:00+00:00,2023-01-19T19:15:00+00:00,390.0,405.0,0,Mixed/Ranging,0.0,mixed,0,0,0.0,0.0,0.0,1,0,high
long,2386.23,2386.079285714286,2366.611,-0.030142857142800496,-0.0015364114961415097,tp3_hit,2023-01-19,False,0,29,32,4,60.0,2023-01-19T19:30:00+00:00,2023-01-19T20:15:00+00:00,435.0,450.0,0,Mixed/Ranging,0.0,mixed,0,0,0.0,0.0,0.0,1,0,high
long,2379.33,2379.33,2379.33,0.0,0.0,sl_hit,2023-01-20,True,1,0,26,27,405.0,2023-01-20T12:15:00+00:00,2023-01-20T18:45:00+00:00,0.0,15.0,0,Mixed/Ranging,0.0,mixed,0,0,0.0,0.0,0.0,0,0,none
long,2338.17,2338.17,2338.17,0.0,0.0,sl_hit,2023-01-23,True,1,0,30,31,465.0,2023-01-23T12:15:00+00:00,2023-01-23T19:45:00+00:00,0.0,15.0,0,Mixed/Ranging,0.0,mixed,0,0,0.0,0.0,0.0,0,0,none
long,2345.91,2337.368,2337.368,-8.541999999999916,-1.0,sl_hit,2023-01-27,False,1,13,20,8,120.0,2023-01-27T15:30:00+00:00,2023-01-27T17:15:00+00:00,195.0,210.0,0,Mixed/Ranging,0.0,mixed,0,0,0.0,0.0,0.0,0,0,none
long,2294.07,2294.07,2294.07,0.0,0.0,sl_hit,2023-02-09,False,1,27,29,3,45.0,2023-02-09T19:00:00+00:00,2023-02-09T19:30:00+00:00,405.0,420.0,0,Mixed/Ranging,0.0,mixed,0,0,0.0,0.0,0.0,1,0,high
long,2303.23,2304.87,2303.23,0.8199999999999363,0.0,time_exit,2023-02-17,False,1,28,35,8,120.0,2023-02-17T19:15:00+00:00,2023-02-17T20:45:00+00:00,420.0,435.0,0,Mixed/Ranging,0.0,mixed,0,0,0.0,0.0,0.0,0,1,low
short,2482.26,2482.26,2482.26,0.0,0.0,sl_hit,2023-02-22,True,1,0,2,3,45.0,2023-02-22T12:15:00+00:00,2023-02-22T12:45:00+00:00,0.0,15.0,0,Mixed/Ranging,0.0,mixed,0,0,0.0,0.0,0.0,0,0,none
short,2481.26,2481.26,2481.26,0.0,0.0,sl_hit,2023-02-22,True,0,3,5,3,45.0,2023-02-22T13:00:00+00:00,2023-02-22T13:30:00+00:00,45.0,60.0,0,Mixed/Ranging,0.0,mixed,0,0,0.0,0.0,0.0,0,0,none
long,2481.91,2480.07,2468.739,-0.36799999999993815,-0.02794017158909294,time_exit,2023-02-22,False,0,6,35,30,450.0,2023-02-22T13:45:00+00:00,2023-02-22T20:45:00+00:00,90.0,105.0,0,Mixed/Ranging,0.0,mixed,0,0,0.0,0.0,0.0,0,0,none
long,2477.47,2497.87,2477.47,4.080000000000019,0.0,tp3_hit,2023-02-23,True,1,0,33,34,510.0,2023-02-23T12:15:00+00:00,2023-02-23T20:30:00+00:00,0.0,15.0,0,Mixed/Ranging,0.0,mixed,0,0,0.0,0.0,0.0,0,0,none
short,2525.73,2525.73,2525.73,0.0,0.0,sl_hit,2023-02-27,True,1,0,2,3,45.0,2023-02-27T12:15:00+00:00,2023-02-27T12:45:00+00:00,0.0,15.0,0,Mixed/Ranging,0.0,mixed,0,0,0.0,0.0,0.0,0,0,none
short,2524.42,2524.42,2524.42,0.0,0.0,sl_hit,2023-02-27,True,0,3,16,14,210.0,2023-02-27T13:00:00+00:00,2023-02-27T16:15:00+00:00,45.0,60.0,0,Mixed/Ranging,0.0,mixed,0,0,0.0,0.0,0.0,0,0,none
long,2522.59,2539.6142857142854,2522.59,3.404857142857054,0.0,tp3_hit,2023-02-27,False,0,17,31,15,225.0,2023-02-27T16:30:00+00:00,2023-02-27T20:00:00+00:00,255.0,270.0,0,Mixed/Ranging,0.0,mixed,0,0,0.0,0.0,0.0,1,0,high
long,2555.34,2555.34,2555.34,0.0,0.0,sl_hit,2023-03-03,False,1,7,12,6,90.0,2023-03-03T14:00:00+00:00,2023-03-03T15:15:00+00:00,105.0,120.0,0,Mixed/Ranging,0.0,mixed,0,0,0.0,0.0,0.0,0,0,none
short,2556.58,2567.28,2571.396,-10.700000000000273,-0.722192224622036,time_exit,2023-03-03,False,0,13,35,23,345.0,2023-03-03T15:30:00+00:00,2023-03-03T20:45:00+00:00,195.0,210.0,0,Mixed/Ranging,0.0,mixed,0,0,0.0,0.0,0.0,0,0,none
long,2533.7,2533.7,2533.7,0.0,0.0,sl_hit,2023-03-06,True,1,1,6,6,90.0,2023-03-06T12:30:00+00:00,2023-03-06T13:45:00+00:00,15.0,30.0,0,Mixed/Ranging,0.0,mixed,0,0,0.0,0.0,0.0,0,0,none
long,2540.85,2540.85,2540.85,0.0,0.0,sl_hit,2023-03-06,False,0,7,23,17,255.0,2023-03-06T14:00:00+00:00,2023-03-06T18:00:00+00:00,105.0,120.0,0,Mixed/Ranging,0.0,mixed,0,0,0.0,0.0,0.0,0,0,none
short,2553.49,2553.49,2553.49,0.0,0.0,sl_hit,2023-03-08,False,1,18,27,10,150.0,2023-03-08T16:45:00+00:00,2023-03-08T19:00:00+00:00,270.0,285.0,0,Mixed/Ranging,0.0,mixed,0,0,0.0,0.0,0.0,0,0,none
long,2553.82,2564.2307142857144,2553.82,2.0821428571428444,0.0,tp3_hit,2023-03-08,False,0,28,33,6,90.0,2023-03-08T19:15:00+00:00,2023-03-08T20:30:00+00:00,420.0,435.0,0,Mixed/Ranging,0.0,mixed,0,0,0.0,0.0,0.0,0,0,none
long,2731.15,2727.59,2713.959,-3.5599999999999454,-0.20708510266999547,time_exit,2023-03-29,False,1,5,35,31,465.0,2023-03-29T13:30:00+00:00,2023-03-29T20:45:00+00:00,75.0,90.0,0,Mixed/Ranging,0.0,mixed,0,0,0.0,0.0,0.0,0,0,none
long,2736.89,2746.45,2736.89,4.779999999999973,0.0,time_exit,2023-04-03,False,1,28,35,8,120.0,2023-04-03T19:15:00+00:00,2023-04-03T20:45:00+00:00,420.0,435.0,0,Mixed/Ranging,0.0,mixed,0,0,0.0,0.0,0.0,0,0,none
long,2826.39,2812.462857142857,2804.578,-2.7854285714285654,-0.1277016583270025,tp3_hit,2023-04-05,False,1,16,18,3,45.0,2023-04-05T16:15:00+00:00,2023-04-05T16:45:00+00:00,240.0,255.0,0,Mixed/Ranging,0.0,mixed,0,0,0.0,0.0,0.0,0,0,none
long,2813.68,2823.43,2813.68,4.875,0.0,time_exit,2023-04-06,False,1,13,35,23,345.0,2023-04-06T15:30:00+00:00,2023-04-06T20:45:00+00:00,195.0,210.0,0,Mixed/Ranging,0.0,mixed,0,0,0.0,0.0,0.0,0,0,none
long,2850.83,2863.77,2850.83,2.588000000000011,0.0,time_exit,2023-04-10,True,1,1,35,35,525.0,2023-04-10T12:30:00+00:00,2023-04-10T20:45:00+00:00,15.0,30.0,0,Mixed/Ranging,0.0,mixed,0,0,0.0,0.0,0.0,1,0,high
short,2875.39,2875.39,2875.39,0.0,0.0,sl_hit,2023-04-20,True,1,0,3,4,60.0,2023-04-20T12:15:00+00:00,2023-04-20T13:00:00+00:00,0.0,15.0,0,Mixed/Ranging,0.0,mixed,0,0,0.0,0.0,0.0,0,0,none
long,2874.77,2874.77,2874.77,0.0,0.0,sl_hit,2023-04-20,False,0,4,6,3,45.0,2023-04-20T13:15:00+00:00,2023-04-20T13:45:00+00:00,60.0,75.0,0,Mixed/Ranging,0.0,mixed,0,0,0.0,0.0,0.0,0,0,none
long,2876.56,2862.356,2862.356,-14.203999999999724,-1.0,sl_hit,2023-04-20,False,0,7,20,14,210.0,2023-04-20T14:00:00+00:00,2023-04-20T17:15:00+00:00,105.0,120.0,0,Mixed/Ranging,0.0,mixed,0,0,0.0,0.0,0.0,0,0,none
long,2940.69,2940.69,2940.69,0.0,0.0,sl_hit,2023-04-25,False,1,22,33,12,180.0,2023-04-25T17:45:00+00:00,2023-04-25T20:30:00+00:00,330.0,345.0,0,Mixed/Ranging,0.0,mixed,0,0,0.0,0.0,0.0,1,0,high
long,2941.59,2944.43,2941.59,1.4199999999998454,0.0,time_exit,2023-04-26,False,1,30,35,6,90.0,2023-04-26T19:45:00+00:00,2023-04-26T20:45:00+00:00,450.0,465.0,0,Mixed/Ranging,0.0,mixed,0,0,0.0,0.0,0.0,1,0,high
long,2934.03,2934.03,2934.03,0.0,0.0,sl_hit,2023-04-28,False,1,8,18,11,165.0,2023-04-28T14:15:00+00:00,2023-04-28T16:45:00+00:00,120.0,135.0,0,Mixed/Ranging,0.0,mixed,0,0,0.0,0.0,0.0,0,0,none
long,2921.48,2919.2591428571427,2919.2591428571427,-2.2208571428573123,-1.0,sl_hit,2023-04-28,False,0,19,20,2,30.0,2023-04-28T17:00:00+00:00,2023-04-28T17:15:00+00:00,285.0,300.0,0,Mixed/Ranging,0.0,mixed,0,0,0.0,0.0,0.0,0,0,none
long,2918.47,2921.7,2921.7,3.230000000000018,1.0,sl_hit,2023-04-28,False,0,21,22,2,30.0,2023-04-28T17:30:00+00:00,2023-04-28T17:45:00+00:00,315.0,330.0,0,Mixed/Ranging,0.0,mixed,0,0,0.0,0.0,0.0,0,0,none
long,2859.77,2859.77,2859.77,0.0,0.0,sl_hit,2023-05-31,True,1,0,15,16,240.0,2023-05-31T12:15:00+00:00,2023-05-31T16:00:00+00:00,0.0,15.0,0,Mixed/Ranging,0.0,mixed,0,0,0.0,0.0,0.0,0,0,none
long,2857.31,2868.73,2857.31,2.2840000000000145,0.0,time_exit,2023-05-31,False,0,23,35,13,195.0,2023-05-31T18:00:00+00:00,2023-05-31T20:45:00+00:00,345.0,360.0,0,Mixed/Ranging,0.0,mixed,0,0,0.0,0.0,0.0,0,0,none
long,2904.5,2904.5,2904.5,0.0,0.0,sl_hit,2023-06-05,False,1,19,23,5,75.0,2023-06-05T17:00:00+00:00,2023-06-05T18:00:00+00:00,285.0,300.0,0,Mixed/Ranging,0.0,mixed,0,0,0.0,0.0,0.0,0,0,none
long,2899.63,2915.46,2899.63,7.914999999999964,0.0,time_exit,2023-06-05,False,0,25,35,11,165.0,2023-06-05T18:30:00+00:00,2023-06-05T20:45:00+00:00,375.0,390.0,0,Mixed/Ranging,0.0,mixed,0,0,0.0,0.0,0.0,0,0,none
short,2919.72,2919.72,2919.72,0.0,0.0,sl_hit,2023-06-09,False,1,4,7,4,60.0,2023-06-09T13:15:00+00:00,2023-06-09T14:00:00+00:00,60.0,75.0,0,Mixed/Ranging,0.0,mixed,0,0,0.0,0.0,0.0,0,0,none
long,2929.97,2929.97,2929.97,0.0,0.0,sl_hit,2023-06-19,False,1,14,16,3,45.0,2023-06-19T15:45:00+00:00,2023-06-19T16:15:00+00:00,210.0,225.0,0,Mixed/Ranging,0.0,mixed,0,0,0.0,0.0,0.0,0,0,none
long,2935.5,2911.532,2911.532,-23.967999999999847,-1.0,sl_hit,2023-06-20,False,1,9,22,14,210.0,2023-06-20T14:30:00+00:00,2023-06-20T17:45:00+00:00,135.0,150.0,0,Mixed/Ranging,0.0,mixed,0,0,0.0,0.0,0.0,0,0,none
long,2907.7,2911.532,2911.532,3.8320000000003347,1.0,sl_hit,2023-06-20,False,0,23,24,2,30.0,2023-06-20T18:00:00+00:00,2023-06-20T18:15:00+00:00,345.0,360.0,0,Mixed/Ranging,0.0,mixed,0,0,0.0,0.0,0.0,0,0,none
long,2912.37,2928.39,2912.37,8.009999999999991,0.0,time_exit,2023-06-20,False,0,25,35,11,165.0,2023-06-20T18:30:00+00:00,2023-06-20T20:45:00+00:00,375.0,390.0,0,Mixed/Ranging,0.0,mixed,0,0,0.0,0.0,0.0,0,1,low
long,2975.82,2975.82,2975.82,0.0,0.0,sl_hit,2023-06-22,False,1,12,14,3,45.0,2023-06-22T15:15:00+00:00,2023-06-22T15:45:00+00:00,180.0,195.0,0,Mixed/Ranging,0.0,mixed,0,0,0.0,0.0,0.0,0,0,none
long,2935.18,2929.256,2929.256,-5.923999999999978,-1.0,sl_hit,2023-06-26,False,1,20,27,8,120.0,2023-06-26T17:15:00+00:00,2023-06-26T19:00:00+00:00,300.0,315.0,0,Mixed/Ranging,0.0,mixed,0,0,0.0,0.0,0.0,0,0,none
long,2938.05,2935.38,2929.256,-2.6700000000000728,-0.30361610188764776,time_exit,2023-06-26,False,0,28,35,8,120.0,2023-06-26T19:15:00+00:00,2023-06-26T20:45:00+00:00,420.0,435.0,0,Mixed/Ranging,0.0,mixed,0,0,0.0,0.0,0.0,0,0,none
long,2954.48,2954.48,2954.48,0.0,0.0,sl_hit,2023-06-27,False,1,18,21,4,60.0,2023-06-27T16:45:00+00:00,2023-06-27T17:30:00+00:00,270.0,285.0,0,Mixed/Ranging,0.0,mixed,0,0,0.0,0.0,0.0,1,0,high
long,2945.67,2945.67,2945.67,0.0,0.0,sl_hit,2023-06-27,False,0,22,24,3,45.0,2023-06-27T17:45:00+00:00,2023-06-27T18:15:00+00:00,330.0,345.0,0,Mixed/Ranging,0.0,mixed,0,0,0.0,0.0,0.0,1,0,high
long,2940.36,2930.996,2930.996,-9.364000000000033,-1.0,sl_hit,2023-06-27,False,0,25,30,6,90.0,2023-06-27T18:30:00+00:00,2023-06-27T19:45:00+00:00,375.0,390.0,0,Mixed/Ranging,0.0,mixed,0,0,0.0,0.0,0.0,1,0,high
long,3000.4,3000.4,3000.4,0.0,0.0,sl_hit,2023-06-29,False,1,25,27,3,45.0,2023-06-29T18:30:00+00:00,2023-06-29T19:00:00+00:00,375.0,390.0,0,Mixed/Ranging,0.0,mixed,0,0,0.0,0.0,0.0,0,0,none
long,2995.86,2988.4942857142855,2974.554,-1.4731428571429206,-0.06914215982084473,tp3_hit,2023-06-29,False,0,28,30,3,45.0,2023-06-29T19:15:00+00:00,2023-06-29T19:45:00+00:00,420.0,435.0,0,Mixed/Ranging,0.0,mixed,0,0,0.0,0.0,0.0,0,0,none
long,3000.55,3000.55,3000.55,0.0,0.0,sl_hit,2023-06-30,True,1,0,5,6,90.0,2023-06-30T12:15:00+00:00,2023-06-30T13:30:00+00:00,0.0,15.0,0,Mixed/Ranging,0.0,mixed,0,0,0.0,0.0,0.0,0,0,none
long,2994.74,3017.3528571428574,2994.74,4.522571428571519,0.0,tp3_hit,2023-06-30,False,0,6,32,27,405.0,2023-06-30T13:45:00+00:00,2023-06-30T20:15:00+00:00,90.0,105.0,0,Mixed/Ranging,0.0,mixed,0,0,0.0,0.0,0.0,1,0,high
long,3000.3,3000.3,3000.3,0.0,0.0,sl_hit,2023-07-05,False,1,10,14,5,75.0,2023-07-05T14:45:00+00:00,2023-07-05T15:45:00+00:00,150.0,165.0,0,Mixed/Ranging,0.0,mixed,0,0,0.0,0.0,0.0,0,0,none
long,3005.98,3042.5007142857144,3005.98,7.30414285714287,0.0,tp3_hit,2023-07-05,False,0,17,29,13,195.0,2023-07-05T16:30:00+00:00,2023-07-05T19:30:00+00:00,255.0,270.0,0,Mixed/Ranging,0.0,mixed,0,0,0.0,0.0,0.0,0,0,none
long,3036.49,3043.197857142857,3036.49,1.3415714285714786,0.0,tp3_hit,2023-07-05,False,0,30,33,4,60.0,2023-07-05T19:45:00+00:00,2023-07-05T20:30:00+00:00,450.0,465.0,0,Mixed/Ranging,0.0,mixed,0,0,0.0,0.0,0.0,0,0,none
short,3104.78,3104.78,3104.78,0.0,0.0,sl_hit,2023-08-03,True,1,0,4,5,75.0,2023-08-03T12:15:00+00:00,2023-08-03T13:15:00+00:00,0.0,15.0,0,Mixed/Ranging,0.0,mixed,0,0,0.0,0.0,0.0,0,0,none
long,3110.92,3105.382857142857,3086.84,-1.1074285714285907,-0.04598955861414427,tp3_hit,2023-08-03,False,0,6,8,3,45.0,2023-08-03T13:45:00+00:00,2023-08-03T14:15:00+00:00,90.0,105.0,0,Mixed/Ranging,0.0,mixed,0,0,0.0,0.0,0.0,0,0,none
long,3108.66,3105.348571428571,3086.84,-0.6622857142857357,-0.03035223255205062,tp3_hit,2023-08-03,False,0,9,11,3,45.0,2023-08-03T14:30:00+00:00,2023-08-03T15:00:00+00:00,135.0,150.0,0,Mixed/Ranging,0.0,mixed,0,0,0.0,0.0,0.0,0,0,none
long,3097.96,3097.96,3097.96,0.0,0.0,sl_hit,2023-08-07,True,1,0,6,7,105.0,2023-08-07T12:15:00+00:00,2023-08-07T13:45:00+00:00,0.0,15.0,0,Mixed/Ranging,0.0,mixed,0,0,0.0,0.0,0.0,0,0,none
long,3094.25,3079.5989999999997,3079.5989999999997,-14.651000000000295,-1.0,sl_hit,2023-08-07,False,0,7,21,15,225.0,2023-08-07T14:00:00+00:00,2023-08-07T17:30:00+00:00,105.0,120.0,0,Mixed/Ranging,0.0,mixed,0,0,0.0,0.0,0.0,0,1,low
long,3083.1,3079.5989999999997,3079.5989999999997,-3.5010000000002037,-1.0,sl_hit,2023-08-07,False,0,22,25,4,60.0,2023-08-07T17:45:00+00:00,2023-08-07T18:30:00+00:00,330.0,345.0,0,Mixed/Ranging,0.0,mixed,0,0,0.0,0.0,0.0,0,1,low
long,3073.8,3073.8,3073.8,0.0,0.0,sl_hit,2023-08-08,False,1,23,25,3,45.0,2023-08-08T18:00:00+00:00,2023-08-08T18:30:00+00:00,345.0,360.0,0,Mixed/Ranging,0.0,mixed,0,0,0.0,0.0,0.0,1,0,high
long,3069.19,3069.19,3069.19,0.0,0.0,sl_hit,2023-08-08,False,0,27,29,3,45.0,2023-08-08T19:00:00+00:00,2023-08-08T19:30:00+00:00,405.0,420.0,0,Mixed/Ranging,0.0,mixed,0,0,0.0,0.0,0.0,1,0,high
long,3067.6,3067.6,3067.6,0.0,0.0,sl_hit,2023-08-08,False,0,30,33,4,60.0,2023-08-08T19:45:00+00:00,2023-08-08T20:30:00+00:00,450.0,465.0,0,Mixed/Ranging,0.0,mixed,0,0,0.0,0.0,0.0,1,0,high
long,3085.42,3085.42,3085.42,0.0,0.0,sl_hit,2023-08-11,True,1,0,17,18,270.0,2023-08-11T12:15:00+00:00,2023-08-11T16:30:00+00:00,0.0,15.0,0,Mixed/Ranging,0.0,mixed,0,0,0.0,0.0,0.0,0,0,none
long,3089.73,3084.8964285714287,3073.685,-0.9667142857142608,-0.06025018920001598,tp3_hit,2023-08-11,False,0,18,20,3,45.0,2023-08-11T16:45:00+00:00,2023-08-11T17:15:00+00:00,270.0,285.0,0,Mixed/Ranging,0.0,mixed,0,0,0.0,0.0,0.0,0,0,none
long,3087.14,3078.76,3073.685,-8.379999999999654,-0.6228167967298179,time_exit,2023-08-11,False,0,21,35,15,225.0,2023-08-11T17:30:00+00:00,2023-08-11T20:45:00+00:00,315.0,330.0,0,Mixed/Ranging,0.0,mixed,0,0,0.0,0.0,0.0,0,0,none
long,3042.55,3042.55,3042.55,0.0,0.0,sl_hit,2023-08-14,True,1,0,2,3,45.0,2023-08-14T12:15:00+00:00,2023-08-14T12:45:00+00:00,0.0,15.0,0,Mixed/Ranging,0.0,mixed,0,0,0.0,0.0,0.0,0,0,none
long,3045.36,3045.36,3045.36,0.0,0.0,sl_hit,2023-08-14,True,0,3,14,12,180.0,2023-08-14T13:00:00+00:00,2023-08-14T15:45:00+00:00,45.0,60.0,0,Mixed/Ranging,0.0,mixed,0,0,0.0,0.0,0.0,0,0,none
short,3060.13,3040.53,3060.13,9.799999999999955,0.0,time_exit,2023-08-16,True,1,0,35,36,540.0,2023-08-16T12:15:00+00:00,2023-08-16T20:45:00+00:00,0.0,15.0,0,Mixed/Ranging,0.0,mixed,0,0,0.0,0.0,0.0,0,0,none
long,3018.14,3018.14,3018.14,0.0,0.0,sl_hit,2023-08-18,True,1,0,2,3,45.0,2023-08-18T12:15:00+00:00,2023-08-18T12:45:00+00:00,0.0,15.0,0,Mixed/Ranging,0.0,mixed,0,0,0.0,0.0,0.0,0,0,none
long,3022.12,3022.12,3022.12,0.0,0.0,sl_hit,2023-08-18,True,0,3,14,12,180.0,2023-08-18T13:00:00+00:00,2023-08-18T15:45:00+00:00,45.0,60.0,0,Mixed/Ranging,0.0,mixed,0,0,0.0,0.0,0.0,0,0,none
long,3026.92,3026.92,3026.92,0.0,0.0,sl_hit,2023-08-18,False,0,16,28,13,195.0,2023-08-18T16:15:00+00:00,2023-08-18T19:15:00+00:00,240.0,255.0,0,Mixed/Ranging,0.0,mixed,0,0,0.0,0.0,0.0,1,0,high
short,3026.54,3026.54,3026.54,0.0,0.0,sl_hit,2023-08-24,True,1,0,4,5,75.0,2023-08-24T12:15:00+00:00,2023-08-24T13:15:00+00:00,0.0,15.0,0,Mixed/Ranging,0.0,mixed,0,0,0.0,0.0,0.0,0,0,none
short,3027.53,3027.53,3027.53,0.0,0.0,sl_hit,2023-08-24,False,0,5,19,15,225.0,2023-08-24T13:30:00+00:00,2023-08-24T17:00:00+00:00,75.0,90.0,0,Mixed/Ranging,0.0,mixed,0,0,0.0,0.0,0.0,0,0,none
short,3025.27,3008.42,3025.27,3.369999999999982,0.0,time_exit,2023-08-24,False,0,20,35,16,240.0,2023-08-24T17:15:00+00:00,2023-08-24T20:45:00+00:00,300.0,315.0,0,Mixed/Ranging,0.0,mixed,0,0,0.0,0.0,0.0,0,0,none
short,3062.88,3073.66,3076.4159999999997,-10.779999999999745,-0.796394799054378,time_exit,2023-08-29,True,1,0,35,36,540.0,2023-08-29T12:15:00+00:00,2023-08-29T20:45:00+00:00,0.0,15.0,0,Mixed/Ranging,0.0,mixed,0,0,0.0,0.0,0.0,0,0,none
short,3066.65,3066.65,3066.65,0.0,0.0,sl_hit,2023-08-31,True,1,0,8,9,135.0,2023-08-31T12:15:00+00:00,2023-08-31T14:15:00+00:00,0.0,15.0,0,Mixed/Ranging,0.0,mixed,0,0,0.0,0.0,0.0,0,0,none
long,3063.49,3063.49,3063.49,0.0,0.0,sl_hit,2023-08-31,False,0,9,13,5,75.0,2023-08-31T14:30:00+00:00,2023-08-31T15:30:00+00:00,135.0,150.0,0,Mixed/Ranging,0.0,mixed,0,0,0.0,0.0,0.0,0,0,none
long,3062.03,3062.03,3062.03,0.0,0.0,sl_hit,2023-08-31,False,0,14,16,3,45.0,2023-08-31T15:45:00+00:00,2023-08-31T16:15:00+00:00,210.0,225.0,0,Mixed/Ranging,0.0,mixed,0,0,0.0,0.0,0.0,0,0,none
long,3126.54,3110.137142857143,3100.616,-3.2805714285714203,-0.12654572707033726,tp3_hit,2023-09-08,True,1,0,2,3,45.0,2023-09-08T12:15:00+00:00,2023-09-08T12:45:00+00:00,0.0,15.0,0,Mixed/Ranging,0.0,mixed,0,0,0.0,0.0,0.0,0,0,none
long,3124.34,3110.302142857143,3100.616,-2.807571428571464,-0.11834308837343809,tp3_hit,2023-09-08,True,0,3,5,3,45.0,2023-09-08T13:00:00+00:00,2023-09-08T13:30:00+00:00,45.0,60.0,0,Mixed/Ranging,0.0,mixed,0,0,0.0,0.0,0.0,0,0,none
long,3116.59,3116.59,3116.59,0.0,0.0,sl_hit,2023-09-08,False,0,6,11,6,90.0,2023-09-08T13:45:00+00:00,2023-09-08T15:00:00+00:00,90.0,105.0,0,Mixed/Ranging,0.0,mixed,0,0,0.0,0.0,0.0,0,0,none
long,3119.16,3097.652,3097.652,-21.50799999999981,-1.0,sl_hit,2023-09-11,True,1,0,21,22,330.0,2023-09-11T12:15:00+00:00,2023-09-11T17:30:00+00:00,0.0,15.0,0,Mixed/Ranging,0.0,mixed,0,0,0.0,0.0,0.0,0,0,none
long,3072.76,3072.76,3072.76,0.0,0.0,sl_hit,2023-09-12,True,1,0,15,16,240.0,2023-09-12T12:15:00+00:00,2023-09-12T16:00:00+00:00,0.0,15.0,0,Mixed/Ranging,0.0,mixed,0,0,0.0,0.0,0.0,0,0,none
long,3075.67,3075.67,3075.67,0.0,0.0,sl_hit,2023-09-12,False,0,16,20,5,75.0,2023-09-12T16:15:00+00:00,2023-09-12T17:15:00+00:00,240.0,255.0,0,Mixed/Ranging,0.0,mixed,0,0,0.0,0.0,0.0,0,0,none
long,3069.9,3069.9,3069.9,0.0,0.0,sl_hit,2023-09-12,False,0,21,33,13,195.0,2023-09-12T17:30:00+00:00,2023-09-12T20:30:00+00:00,315.0,330.0,0,Mixed/Ranging,0.0,mixed,0,0,0.0,0.0,0.0,0,1,low
long,3295.7,3151.305714285714,3277.878,-28.878857142857125,-1.6204049569553178,tp3_hit,2023-09-18,False,1,4,6,3,45.0,2023-09-18T13:15:00+00:00,2023-09-18T13:45:00+00:00,60.0,75.0,0,Mixed/Ranging,0.0,mixed,0,0,0.0,0.0,0.0,0,0,none
long,3293.92,3293.92,3293.92,0.0,0.0,sl_hit,2023-09-18,False,0,7,9,3,45.0,2023-09-18T14:00:00+00:00,2023-09-18T14:30:00+00:00,105.0,120.0,0,Mixed/Ranging,0.0,mixed,0,0,0.0,0.0,0.0,0,0,none
long,3291.27,3291.27,3291.27,0.0,0.0,sl_hit,2023-09-18,False,0,10,24,15,225.0,2023-09-18T14:45:00+00:00,2023-09-18T18:15:00+00:00,150.0,165.0,0,Mixed/Ranging,0.0,mixed,0,0,0.0,0.0,0.0,0,0,none
short,3273.5,3273.5,3273.5,0.0,0.0,sl_hit,2023-09-19,True,1,0,3,4,60.0,2023-09-19T12:15:00+00:00,2023-09-19T13:00:00+00:00,0.0,15.0,0,Mixed/Ranging,0.0,mixed,0,0,0.0,0.0,0.0,0,0,none
short,3279.78,3278.17,3279.78,0.8050000000000637,0.0,time_exit,2023-09-19,False,0,4,35,32,480.0,2023-09-19T13:15:00+00:00,2023-09-19T20:45:00+00:00,60.0,75.0,0,Mixed/Ranging,0.0,mixed,0,0,0.0,0.0,0.0,0,0,none
short,3311.18,3326.83,3333.954,-15.650000000000091,-0.6871871432335056,time_exit,2023-09-26,True,1,0,35,36,540.0,2023-09-26T12:15:00+00:00,2023-09-26T20:45:00+00:00,0.0,15.0,0,Mixed/Ranging,0.0,mixed,0,0,0.0,0.0,0.0,0,0,none
long,3387.71,3387.71,3387.71,0.0,0.0,sl_hit,2023-09-27,True,1,0,10,11,165.0,2023-09-27T12:15:00+00:00,2023-09-27T14:45:00+00:00,0.0,15.0,0,Mixed/Ranging,0.0,mixed,0,0,0.0,0.0,0.0,0,0,none
long,3388.57,3388.57,3388.57,0.0,0.0,sl_hit,2023-09-27,False,0,11,28,18,270.0,2023-09-27T15:00:00+00:00,2023-09-27T19:15:00+00:00,165.0,180.0,0,Mixed/Ranging,0.0,mixed,0,0,0.0,0.0,0.0,0,0,none
long,3388.34,3388.34,3388.34,0.0,0.0,sl_hit,2023-09-27,False,0,29,32,4,60.0,2023-09-27T19:30:00+00:00,2023-09-27T20:15:00+00:00,435.0,450.0,0,Mixed/Ranging,0.0,mixed,0,0,0.0,0.0,0.0,0,0,none
short,3397.61,3397.61,3397.61,0.0,0.0,sl_hit,2023-09-28,True,1,0,2,3,45.0,2023-09-28T12:15:00+00:00,2023-09-28T12:45:00+00:00,0.0,15.0,0,Mixed/Ranging,0.0,mixed,0,0,0.0,0.0,0.0,0,0,none
long,3394.41,3394.41,3394.41,0.0,0.0,sl_hit,2023-09-28,True,0,3,6,4,60.0,2023-09-28T13:00:00+00:00,2023-09-28T13:45:00+00:00,45.0,60.0,0,Mixed/Ranging,0.0,mixed,0,0,0.0,0.0,0.0,0,0,none
long,3394.61,3394.61,3394.61,0.0,0.0,sl_hit,2023-09-28,False,0,7,10,4,60.0,2023-09-28T14:00:00+00:00,2023-09-28T14:45:00+00:00,105.0,120.0,0,Mixed/Ranging,0.0,mixed,0,0,0.0,0.0,0.0,0,0,none
short,3447.05,3430.7,3447.05,8.175000000000182,0.0,time_exit,2023-10-02,True,1,0,35,36,540.0,2023-10-02T12:15:00+00:00,2023-10-02T20:45:00+00:00,0.0,15.0,0,Mixed/Ranging,0.0,mixed,0,0,0.0,0.0,0.0,0,0,none
long,3372.68,3378.399,3378.399,5.719000000000051,1.0,sl_hit,2023-10-03,False,1,25,26,2,30.0,2023-10-03T18:30:00+00:00,2023-10-03T18:45:00+00:00,375.0,390.0,0,Mixed/Ranging,0.0,mixed,0,0,0.0,0.0,0.0,0,1,low
long,3503.65,3512.5,3503.65,4.4249999999999545,0.0,time_exit,2023-10-10,False,1,29,35,7,105.0,2023-10-10T19:30:00+00:00,2023-10-10T20:45:00+00:00,435.0,450.0,0,Mixed/Ranging,0.0,mixed,0,0,0.0,0.0,0.0,0,1,low
long,3598.94,3583.455,3583.455,-15.485000000000127,-1.0,sl_hit,2023-10-13,True,1,0,26,27,405.0,2023-10-13T12:15:00+00:00,2023-10-13T18:45:00+00:00,0.0,15.0,0,Mixed/Ranging,0.0,mixed,0,0,0.0,0.0,0.0,0,0,none
long,3585.71,3583.455,3583.455,-2.255000000000109,-1.0,sl_hit,2023-10-13,False,0,27,28,2,30.0,2023-10-13T19:00:00+00:00,2023-10-13T19:15:00+00:00,405.0,420.0,0,Mixed/Ranging,0.0,mixed,0,0,0.0,0.0,0.0,0,0,none
long,3582.89,3581.072642857143,3581.072642857143,-1.817357142856963,-1.0,sl_hit,2023-10-13,False,0,29,34,6,90.0,2023-10-13T19:30:00+00:00,2023-10-13T20:45:00+00:00,435.0,450.0,0,Mixed/Ranging,0.0,mixed,0,0,0.0,0.0,0.0,0,1,low
long,3632.46,3632.46,3632.46,0.0,0.0,sl_hit,2023-10-24,True,1,0,2,3,45.0,2023-10-24T12:15:00+00:00,2023-10-24T12:45:00+00:00,0.0,15.0,0,Mixed/Ranging,0.0,mixed,0,0,0.0,0.0,0.0,0,0,none
long,3640.19,3640.19,3640.19,0.0,0.0,sl_hit,2023-10-24,True,0,3,5,3,45.0,2023-10-24T13:00:00+00:00,2023-10-24T13:30:00+00:00,45.0,60.0,0,Mixed/Ranging,0.0,mixed,0,0,0.0,0.0,0.0,0,0,none
long,3642.28,3668.17,3642.28,5.177999999999975,0.0,time_exit,2023-10-24,False,0,6,35,30,450.0,2023-10-24T13:45:00+00:00,2023-10-24T20:45:00+00:00,90.0,105.0,0,Mixed/Ranging,0.0,mixed,0,0,0.0,0.0,0.0,0,0,none
long,3621.34,3621.34,3621.34,0.0,0.0,sl_hit,2023-10-26,False,1,8,22,15,225.0,2023-10-26T14:15:00+00:00,2023-10-26T17:45:00+00:00,120.0,135.0,0,Mixed/Ranging,0.0,mixed,0,0,0.0,0.0,0.0,0,0,none
short,3840.35,3840.35,3840.35,0.0,0.0,sl_hit,2023-11-06,True,1,0,14,15,225.0,2023-11-06T12:15:00+00:00,2023-11-06T15:45:00+00:00,0.0,15.0,0,Mixed/Ranging,0.0,mixed,0,0,0.0,0.0,0.0,0,0,none
long,3843.32,3858.4528571428573,3843.32,3.0265714285714242,0.0,tp3_hit,2023-11-06,False,0,26,32,7,105.0,2023-11-06T18:45:00+00:00,2023-11-06T20:15:00+00:00,390.0,405.0,0,Mixed/Ranging,0.0,mixed,0,0,0.0,0.0,0.0,0,0,none
long,3868.52,3868.52,3868.52,0.0,0.0,sl_hit,2023-11-08,True,1,0,10,11,165.0,2023-11-08T12:15:00+00:00,2023-11-08T14:45:00+00:00,0.0,15.0,0,Mixed/Ranging,0.0,mixed,0,0,0.0,0.0,0.0,0,0,none
long,3870.2,3870.2,3870.2,0.0,0.0,sl_hit,2023-11-08,False,0,11,16,6,90.0,2023-11-08T15:00:00+00:00,2023-11-08T16:15:00+00:00,165.0,180.0,0,Mixed/Ranging,0.0,mixed,0,0,0.0,0.0,0.0,0,0,none
long,3873.89,3897.6285714285714,3873.89,4.747714285714301,0.0,tp3_hit,2023-11-08,False,0,17,24,8,120.0,2023-11-08T16:30:00+00:00,2023-11-08T18:15:00+00:00,255.0,270.0,0,Mixed/Ranging,0.0,mixed,0,0,0.0,0.0,0.0,0,0,none
long,3910.41,3908.6178571428572,3878.42,-0.3584285714285216,-0.011204394230338357,tp3_hit,2023-11-09,False,1,12,15,4,60.0,2023-11-09T15:15:00+00:00,2023-11-09T16:00:00+00:00,180.0,195.0,0,Mixed/Ranging,0.0,mixed,0,0,0.0,0.0,0.0,0,0,none
long,3908.22,3908.51,3878.42,0.05800000000008368,0.0019463087248350406,tp3_hit,2023-11-09,False,0,17,19,3,45.0,2023-11-09T16:30:00+00:00,2023-11-09T17:00:00+00:00,255.0,270.0,0,Mixed/Ranging,0.0,mixed,0,0,0.0,0.0,0.0,0,0,none
long,3889.12,3889.12,3889.12,0.0,0.0,sl_hit,2023-11-10,True,1,0,18,19,285.0,2023-11-10T12:15:00+00:00,2023-11-10T16:45:00+00:00,0.0,15.0,0,Mixed/Ranging,0.0,mixed,0,0,0.0,0.0,0.0,0,0,none
long,3884.72,3884.72,3884.72,0.0,0.0,sl_hit,2023-11-10,False,0,19,21,3,45.0,2023-11-10T17:00:00+00:00,2023-11-10T17:30:00+00:00,285.0,300.0,0,Mixed/Ranging,0.0,mixed,0,0,0.0,0.0,0.0,0,0,none
long,3881.53,3916.15,3881.53,6.923999999999978,0.0,tp3_hit,2023-11-10,False,0,22,33,12,180.0,2023-11-10T17:45:00+00:00,2023-11-10T20:30:00+00:00,330.0,345.0,0,Mixed/Ranging,0.0,mixed,0,0,0.0,0.0,0.0,1,0,high
long,3961.5,3972.694285714286,3934.426,2.2388571428571598,0.08269399212739728,tp3_hit,2023-11-23,True,1,1,23,23,345.0,2023-11-23T12:30:00+00:00,2023-11-23T18:00:00+00:00,15.0,30.0,0,Mixed/Ranging,0.0,mixed,0,0,0.0,0.0,0.0,0,0,none
long,3985.34,3984.0,3964.4060000000004,-1.3400000000001455,-0.06401070029617666,time_exit,2023-11-24,False,1,8,35,28,420.0,2023-11-24T14:15:00+00:00,2023-11-24T20:45:00+00:00,120.0,135.0,0,Mixed/Ranging,0.0,mixed,0,0,0.0,0.0,0.0,0,0,none
long,3971.7,3971.7,3971.7,0.0,0.0,sl_hit,2023-11-29,True,1,0,8,9,135.0,2023-11-29T12:15:00+00:00,2023-11-29T14:15:00+00:00,0.0,15.0,0,Mixed/Ranging,0.0,mixed,0,0,0.0,0.0,0.0,0,0,none
long,3984.38,4014.331428571428,3984.38,5.990285714285619,0.0,tp3_hit,2023-11-29,False,0,25,34,10,150.0,2023-11-29T18:30:00+00:00,2023-11-29T20:45:00+00:00,375.0,390.0,0,Mixed/Ranging,0.0,mixed,0,0,0.0,0.0,0.0,0,0,none
long,4021.18,4033.593571428571,4003.403,2.4827142857142466,0.13965878864342918,tp3_hit,2023-11-30,True,1,0,18,19,285.0,2023-11-30T12:15:00+00:00,2023-11-30T16:45:00+00:00,0.0,15.0,0,Mixed/Ranging,0.0,mixed,0,0,0.0,0.0,0.0,0,0,none
long,4023.24,4033.072142857143,4003.403,1.9664285714286054,0.09912933263238426,tp3_hit,2023-11-30,False,0,19,29,11,165.0,2023-11-30T17:00:00+00:00,2023-11-30T19:30:00+00:00,285.0,300.0,0,Mixed/Ranging,0.0,mixed,0,0,0.0,0.0,0.0,0,0,none
long,4021.43,4021.66,4003.403,0.04600000000000364,0.0025517279636103362,time_exit,2023-11-30,False,0,30,35,6,90.0,2023-11-30T19:45:00+00:00,2023-11-30T20:45:00+00:00,450.0,465.0,0,Mixed/Ranging,0.0,mixed,0,0,0.0,0.0,0.0,0,0,none
short,3941.06,3941.06,3941.06,0.0,0.0,sl_hit,2023-12-06,True,1,0,2,3,45.0,2023-12-06T12:15:00+00:00,2023-12-06T12:45:00+00:00,0.0,15.0,0,Mixed/Ranging,0.0,mixed,0,0,0.0,0.0,0.0,0,0,none
long,3937.08,3937.08,3937.08,0.0,0.0,sl_hit,2023-12-06,True,0,3,6,4,60.0,2023-12-06T13:00:00+00:00,2023-12-06T13:45:00+00:00,45.0,60.0,0,Mixed/Ranging,0.0,mixed,0,0,0.0,0.0,0.0,0,0,none
long,3945.51,3955.4,3921.665,9.889999999999873,0.4147620046131167,time_exit,2023-12-06,False,0,7,35,29,435.0,2023-12-06T14:00:00+00:00,2023-12-06T20:45:00+00:00,105.0,120.0,0,Mixed/Ranging,0.0,mixed,0,0,0.0,0.0,0.0,0,0,none
long,4016.32,4016.32,4016.32,0.0,0.0,sl_hit,2023-12-15,False,1,5,11,7,105.0,2023-12-15T13:30:00+00:00,2023-12-15T15:00:00+00:00,75.0,90.0,0,Mixed/Ranging,0.0,mixed,0,0,0.0,0.0,0.0,0,0,none
long,4015.6,4015.6,4015.6,0.0,0.0,sl_hit,2023-12-15,False,0,13,15,3,45.0,2023-12-15T15:30:00+00:00,2023-12-15T16:00:00+00:00,195.0,210.0,0,Mixed/Ranging,0.0,mixed,0,0,0.0,0.0,0.0,0,0,none
long,4023.38,4027.56,4002.803,4.179999999999836,0.20313942751614864,time_exit,2023-12-15,False,0,16,35,20,300.0,2023-12-15T16:15:00+00:00,2023-12-15T20:45:00+00:00,240.0,255.0,0,Mixed/Ranging,0.0,mixed,0,0,0.0,0.0,0.0,0,0,none
short,4101.88,4101.88,4101.88,0.0,0.0,sl_hit,2023-12-21,True,1,0,17,18,270.0,2023-12-21T12:15:00+00:00,2023-12-21T16:30:00+00:00,0.0,15.0,0,Mixed/Ranging,0.0,mixed,0,0,0.0,0.0,0.0,0,0,none
long,4085.05,4082.4590714285714,4082.4590714285714,-2.590928571428776,-1.0,sl_hit,2023-12-21,False,0,23,24,2,30.0,2023-12-21T18:00:00+00:00,2023-12-21T18:15:00+00:00,345.0,360.0,0,Mixed/Ranging,0.0,mixed,0,0,0.0,0.0,0.0,0,0,none
long,4075.73,4085.139,4085.139,9.409000000000106,1.0,sl_hit,2023-12-21,False,0,25,26,2,30.0,2023-12-21T18:30:00+00:00,2023-12-21T18:45:00+00:00,375.0,390.0,0,Mixed/Ranging,0.0,mixed,0,0,0.0,0.0,0.0,0,0,none
long,4069.4,4069.4,4069.4,0.0,0.0,sl_hit,2023-12-25,False,1,5,9,5,75.0,2023-12-25T13:30:00+00:00,2023-12-25T14:30:00+00:00,75.0,90.0,0,Mixed/Ranging,0.0,mixed,0,0,0.0,0.0,0.0,0,0,none
long,4074.38,4074.38,4074.38,0.0,0.0,sl_hit,2023-12-25,False,0,10,20,11,165.0,2023-12-25T14:45:00+00:00,2023-12-25T17:15:00+00:00,150.0,165.0,0,Mixed/Ranging,0.0,mixed,0,0,0.0,0.0,0.0,0,0,none
