date,event,impact
2022-01-07,NFP,HIGH
2022-01-12,CPI,HIGH
2022-01-26,FOMC,HIGH
2022-02-04,NFP,HIGH
2022-02-10,CPI,HIGH
2022-03-04,NFP,HIGH
2022-03-10,CPI,HIGH
2022-03-16,FOMC,HIGH
2022-04-01,NFP,HIGH
2022-04-12,CPI,HIGH
2022-05-04,FOMC,HIGH
2022-05-06,NFP,HIGH
2022-05-11,CPI,HIGH
2022-06-03,NFP,HIGH
2022-06-10,CPI,HIGH
2022-06-15,FOMC,HIGH
2022-07-08,NFP,HIGH
2022-07-13,CPI,HIGH
2022-07-27,FOMC,HIGH
2022-08-05,NFP,HIGH
2022-08-10,CPI,HIGH
2022-09-02,NFP,HIGH
2022-09-13,CPI,HIGH
2022-09-21,FOMC,HIGH
2022-10-07,NFP,HIGH
2022-10-13,CPI,HIGH
2022-11-02,FOMC,HIGH
2022-11-04,NFP,HIGH
2022-11-10,CPI,HIGH
2022-12-02,NFP,HIGH
2022-12-13,CPI,HIGH
2022-12-14,FOMC,HIGH
2023-01-06,NFP,HIGH
2023-01-12,CPI,HIGH
2023-02-01,FOMC,HIGH
2023-02-03,NFP,HIGH
2023-02-14,CPI,HIGH
2023-03-10,NFP,HIGH
2023-03-14,CPI,HIGH
2023-03-22,FOMC,HIGH
2023-04-07,NFP,HIGH
2023-04-12,CPI,HIGH
2023-05-03,FOMC,HIGH
2023-05-05,NFP,HIGH
2023-05-10,CPI,HIGH
2023-06-02,NFP,HIGH
2023-06-13,CPI,HIGH
2023-06-14,FOMC,HIGH
2023-07-07,NFP,HIGH
2023-07-12,CPI,HIGH
2023-07-26,FOMC,HIGH
2023-08-04,NFP,HIGH
2023-08-10,CPI,HIGH
2023-09-01,NFP,HIGH
2023-09-13,CPI,HIGH
2023-09-20,FOMC,HIGH
2023-10-06,NFP,HIGH
2023-10-12,CPI,HIGH
2023-11-01,FOMC,HIGH
2023-11-03,NFP,HIGH
2023-11-14,CPI,HIGH
2023-12-08,NFP,HIGH
2023-12-12,CPI,HIGH
2023-12-13,FOMC,HIGH
2024-01-05,NFP,HIGH
2024-01-11,CPI,HIGH
2024-01-31,FOMC,HIGH
2024-02-02,NFP,HIGH
2024-02-13,CPI,HIGH
2024-03-08,NFP,HIGH
2024-03-12,CPI,HIGH
2024-03-20,FOMC,HIGH
2024-04-05,NFP,HIGH
2024-04-10,CPI,HIGH
2024-05-01,FOMC,HIGH
2024-05-03,NFP,HIGH
2024-05-15,CPI,HIGH
2024-06-07,NFP,HIGH
2024-06-12,CPI,HIGH
2024-06-12,FOMC,HIGH
2024-07-05,NFP,HIGH
2024-07-11,CPI,HIGH
2024-07-31,FOMC,HIGH
2024-08-02,NFP,HIGH
2024-08-14,CPI,HIGH
2024-09-06,NFP,HIGH
2024-09-11,CPI,HIGH
2024-09-18,FOMC,HIGH
2024-10-04,NFP,HIGH
2024-10-10,CPI,HIGH
2024-11-01,NFP,HIGH
2024-11-07,FOMC,HIGH
2024-11-13,CPI,HIGH
2024-12-06,NFP,HIGH
2024-12-11,CPI,HIGH
2024-12-18,FOMC,HIGH
